customerID,gender,SeniorCitizen,tenure,PhoneService,InternetService,Contract,PaperlessBilling,PaymentMethod,MonthlyCharges,TotalCharges,Churn
CUST-0032,Male,0,21.0,yes,fiber optic,month-to-month,no,  Credit card  ,29.73,600.01,yes
CUST-0110,Male,0,55.0,yes,fiber optic,two year,yes,Bank transfer,46.32,2515.48,no
CUST-0137,Female,1,46.0,yes,fiber optic,month-to-month,no,  Mailed check  ,87.06,4153.97,yes
CUST-0089,Female,1,63.0,yes,fiber optic,month-to-month,yes,Mailed check,56.97,3641.3,yes
CUST-0919,Female,0,8.0,yes,dsl,month-to-month,no,Electronic check,39.69,309.79,yes
CUST-0298,Male,0,51.0,yes,fiber optic,month-to-month,yes,Mailed check,67.12,3591.46,yes
CUST-0871,Male,0,5.0,yes,dsl,month-to-month,yes,  Mailed check  ,57.59,291.98,yes
CUST-0319,Male,0,61.0,yes,dsl,one year,yes,Mailed check,105.22,6547.31,no
CUST-0262,Female,0,41.0,yes,dsl,month-to-month,yes,Electronic check,41.74,1760.03,no
CUST-0536,Female,0,19.0,yes,no,one year,yes,Electronic check,57.72,1149.78,no
CUST-0920,  Male  ,0,13.0,yes,fiber optic,month-to-month,no,Mailed check,66.97,878.77,yes
CUST-0597,Female,0,30.0,yes,dsl,two year,yes,Electronic check,23.2,668.6,no
CUST-0077,Female,0,7.0,yes,no,month-to-month,yes,Mailed check,31.57,227.07,yes
CUST-0108,Female,0,41.0,yes,fiber optic,month-to-month,yes,Mailed check,76.47,1897.93,yes
CUST-0425,Male,1,18.0,no,dsl,month-to-month,no,Electronic check,97.42,1763.21,yes
CUST-0585,Female,1,43.0,yes,fiber optic,one year,no,  Electronic check  ,24.72,1027.74,no
CUST-0854,Female,1,10.0,yes,fiber optic,month-to-month,no,Electronic check,45.39,451.97,yes
CUST-0665,Male,1,19.0,yes,fiber optic,two year,yes,  Credit card  ,64.97,483.31,no
CUST-0830,Male,0,8.0,yes,no,two year,yes,Electronic check,43.27,331.4,no
CUST-0421,Female,0,38.0,yes,fiber optic,two year,no,Mailed check,91.43,3438.64,no
CUST-0598,Male,0,57.0,yes,no,month-to-month,yes,Credit card,32.31,1764.75,yes
CUST-0459,Male,0,60.0,yes,dsl,monthly,yes,Bank transfer,85.81,1897.93,yes
CUST-0313,Male,0,55.0,yes,dsl,two year,yes,Bank transfer,20.26,1156.29,no
CUST-0650,Male,0,39.0,yes,no,month-to-month,yes,Credit card,106.03,4177.57,no
CUST-0366,Male,0,19.0,no,dsl,two year,yes,Bank transfer,42.25,779.98,no
CUST-0322,Female,0,27.0,yes,no,one year,no,Credit card,92.97,2445.32,no
CUST-0630,Male,0,3.0,yes,fiber optic,one year,yes,Bank transfer,43.72,128.22,no
CUST-0915,  Female  ,0,17.0,yes,fiber optic,one year,yes,Bank transfer,33.22,562.84,no
CUST-0469,Male,1,34.0,yes,dsl,month-to-month,no,Electronic check,100.29,3439.15,no
CUST-0599,Male,0,47.0,yes,dsl,month-to-month,yes,Credit card,88.76,3964.26,no
CUST-0395,Male,0,51.0,yes,fiber optic,month-to-month,yes,Credit card,85.06,4475.06,no
CUST-0537,  Female  ,0,64.0,yes,dsl,month-to-month,yes,Mailed check,90.5,5519.97,yes
CUST-0721,Female,0,37.0,yes,fiber optic,two year,no,Credit card,33.93,1211.79,no
CUST-0334,Male,1,49.0,yes,dsl,month-to-month,yes,  Mailed check  ,34.68,1681.06,yes
CUST-0410,Male,1,41.0,yes,no,two year,no,Mailed check,82.84,3410.42,yes
CUST-0060,Male,0,2.0,yes,dsl,month-to-month,no,Bank transfer,91.08,191.03,no
CUST-0257,Female,0,41.0,yes,fiber optic,month-to-month,no,Bank transfer,64.97,3480.64,yes
CUST-0970,Male,0,41.0,yes,fiber optic,two year,no,Bank transfer,74.72,3013.27,no
CUST-0686,Female,1,4.0,yes,dsl,two year,no,Electronic check,45.26,184.43,no
CUST-0343,Male,1,62.0,yes,fiber optic,one year,yes,Electronic check,48.19,2867.83,no
CUST-0636,Male,0,61.0,yes,fiber optic,two year,no,Credit card,29.7,1897.93,no
CUST-0709,Male,0,9.0,no,fiber optic,two year,yes,Mailed check,25.97,223.55,no
CUST-0011,Male,0,56.0,no,no,month-to-month,yes,Mailed check,57.39,1897.93,no
CUST-0486,Female,0,51.0,yes,no,month-to-month,no,Electronic check,68.43,1897.93,yes
CUST-0210,Male,1,57.0,yes,no,month-to-month,no,Bank transfer,87.34,5134.85,yes
CUST-0140,Female,0,63.0,yes,fiber optic,two year,yes,Bank transfer,89.89,5588.37,no
CUST-0389,Female,1,41.0,yes,no,month-to-month,no,Mailed check,23.03,957.89,yes
CUST-0623,Male,0,63.0,yes,fiber optic,month-to-month,yes,  Electronic check  ,99.57,6560.55,no
CUST-0825,Female,0,16.0,yes,dsl,one year,yes,Electronic check,94.96,1507.47,yes
CUST-0718,Female,0,70.0,yes,fiber optic,month-to-month,yes,Credit card,76.76,5549.35,yes
CUST-0846,Male,0,28.0,yes,dsl,month-to-month,yes,Mailed check,107.97,3125.56,no
CUST-0688,Male,0,8.0,yes,fiber optic,month-to-month,no,Electronic check,44.12,360.48,yes
CUST-0936,  Male  ,0,48.0,yes,fiber optic,two year,no,Mailed check,83.27,4194.59,no
CUST-0582,Female,0,61.0,yes,fiber optic,one year,no,Electronic check,64.97,1712.65,no
CUST-0383,Female,1,33.0,yes,dsl,month-to-month,no,Electronic check,93.39,3136.56,no
CUST-0071,Female,0,10.0,yes,dsl,one year,yes,Mailed check,41.97,413.02,no
CUST-0261,Female,0,2.0,yes,dsl,month-to-month,no,  Electronic check  ,52.93,1897.93,no
CUST-0801,Female,1,43.0,yes,dsl,one year,yes,  Bank transfer  ,74.56,3049.0,no
CUST-0454,Female,0,65.0,yes,dsl,one year,no,Credit card,31.24,2108.62,no
CUST-0592,Female,1,66.0,yes,dsl,month-to-month,no,  Electronic check  ,64.97,3716.68,no
CUST-0907,Female,1,18.0,yes,dsl,one year,yes,  Electronic check  ,49.11,902.72,no
CUST-0785,Male,0,53.0,yes,dsl,month-to-month,yes,Credit card,69.13,3718.68,yes
CUST-0214,Male,0,36.0,yes,fiber optic,month-to-month,yes,Credit card,88.67,1455.85,yes
CUST-0097,Female,0,52.0,yes,dsl,one year,yes,Mailed check,63.45,3257.67,no
CUST-0680,Female,0,28.0,no,no,month-to-month,no,Electronic check,48.31,1399.11,yes
CUST-0850,Female,0,71.0,yes,dsl,month-to-month,no,  Bank transfer  ,30.87,2218.5,yes
CUST-0913,Female,1,29.0,yes,dsl,month-to-month,yes,Credit card,64.97,1917.39,yes
CUST-0881,Male,0,46.0,yes,fiber optic,month-to-month,yes,Bank transfer,68.43,3074.46,yes
CUST-0193,Female,0,40.0,no,no,one year,no,Electronic check,52.53,2152.86,yes
CUST-0281,Female,0,36.0,yes,dsl,month-to-month,no,Electronic check,108.8,943.17,no
CUST-0534,Female,0,17.0,yes,no,one year,yes,  Electronic check  ,76.74,1319.73,no
CUST-0683,Male,0,22.0,yes,fiber optic,month-to-month,yes,Credit card,59.96,1368.16,yes
CUST-0618,Male,0,60.0,yes,dsl,month-to-month,yes,Bank transfer,90.83,5275.1,no
CUST-0983,  Male  ,0,26.0,yes,dsl,month-to-month,yes,Bank transfer,84.47,2131.49,no
CUST-0911,Female,0,6.0,yes,fiber optic,month-to-month,yes,Electronic check,34.2,197.73,no
CUST-0185,Male,0,69.0,yes,no,month-to-month,yes,Credit card,64.97,1738.72,yes
CUST-0031,Female,0,58.0,yes,no,month-to-month,no,Electronic check,77.92,4625.56,no
CUST-0329,Male,0,48.0,yes,fiber optic,monthly,yes,Electronic check,64.97,3915.92,no
CUST-0507,Female,0,49.0,yes,fiber optic,one year,yes,Bank transfer,25.81,1897.93,no
CUST-0055,Female,1,17.0,yes,fiber optic,two year,yes,Electronic check,38.86,648.36,no
CUST-0024,Male,1,71.0,yes,no,month-to-month,no,Electronic check,85.92,5812.29,yes
CUST-0102,Female,1,69.0,yes,dsl,two year,yes,Credit card,32.33,2221.55,yes
CUST-0550,Female,0,12.0,yes,no,one year,no,Electronic check,85.49,991.47,no
CUST-0248,Female,0,40.0,yes,dsl,two year,no,Credit card,47.95,1974.76,no
CUST-0004,Female,0,14.0,yes,dsl,one year,no,Mailed check,44.77,606.39,no
CUST-0087,Female,0,28.0,yes,fiber optic,one year,no,Electronic check,102.34,2770.45,no
CUST-0844,Female,0,15.0,yes,no,month-to-month,yes,Credit card,92.58,1436.2,no
CUST-0953,Male,0,17.0,yes,dsl,month-to-month,no,Electronic check,46.91,820.38,yes
CUST-0291,Male,0,36.0,yes,fiber optic,month-to-month,yes,Mailed check,25.08,1897.93,no
CUST-0211,Female,0,53.0,yes,no,month-to-month,no,Electronic check,30.21,1604.28,yes
CUST-0803,Female,0,60.0,yes,dsl,two year,no,Bank transfer,22.2,1279.97,no
CUST-0175,Female,0,34.0,yes,no,month-to-month,no,Mailed check,64.97,1939.95,no
CUST-0200,Female,0,63.0,yes,dsl,two year,yes,  Electronic check  ,96.53,6265.33,yes
CUST-0903,Male,0,64.0,yes,no,month-to-month,yes,Electronic check,106.82,7016.28,yes
CUST-0064,  Male  ,0,16.0,yes,no,month-to-month,no,Credit card,27.11,1897.93,no
CUST-0266,Female,0,48.0,yes,fiber optic,month-to-month,yes,Credit card,29.5,1435.94,no
CUST-0232,Female,0,48.0,yes,no,month-to-month,yes,Electronic check,91.45,4280.12,yes
CUST-0804,Female,0,65.0,yes,fiber optic,one year,yes,Electronic check,91.16,6020.1,yes
CUST-0626,Male,0,36.0,yes,fiber optic,month-to-month,yes,Bank transfer,24.36,854.95,no
CUST-0569,Female,0,4.0,yes,no,month-to-month,no,Credit card,64.97,156.12,yes
CUST-0855,Male,1,45.0,no,no,month-to-month,no,Credit card,64.97,1847.81,no
CUST-0040,Male,0,41.0,yes,fiber optic,two year,yes,Electronic check,76.57,3248.43,no
CUST-0807,Female,0,47.0,yes,fiber optic,month-to-month,yes,Electronic check,20.53,936.63,no
CUST-0169,Male,0,21.0,yes,dsl,one year,no,Mailed check,36.49,800.13,no
CUST-0591,Male,0,36.0,no,fiber optic,month-to-month,no,Electronic check,34.01,705.18,no
CUST-0465,Female,1,38.0,yes,dsl,two year,yes,Electronic check,64.07,2513.11,no
CUST-0999,Female,0,67.0,yes,dsl,month-to-month,yes,Mailed check,25.48,1669.43,no
CUST-0443,Male,0,36.0,yes,fiber optic,month-to-month,no,Mailed check,35.94,851.96,no
CUST-0909,Male,0,55.0,yes,no,two year,no,  Credit card  ,65.03,3731.89,no
CUST-0067,Male,0,40.0,yes,dsl,one year,yes,Credit card,94.38,3916.82,no
CUST-0308,Male,0,22.0,yes,fiber optic,month-to-month,yes,Electronic check,88.2,2004.13,no
CUST-0068,Female,0,38.0,yes,dsl,month-to-month,no,Bank transfer,102.24,3701.2,yes
CUST-0199,Female,0,1.0,yes,dsl,month-to-month,no,Mailed check,57.42,59.45,no
CUST-0529,Male,0,36.0,yes,fiber optic,one year,no,  Electronic check  ,48.64,949.12,no
CUST-0482,Female,0,26.0,yes,fiber optic,month-to-month,no,Bank transfer,25.66,663.37,yes
CUST-0758,Female,0,54.0,yes,dsl,two year,yes,Bank transfer,64.97,1897.93,no
CUST-0988,Male,0,23.0,yes,no,one year,yes,Electronic check,33.84,778.03,no
CUST-0363,Male,0,45.0,no,no,month-to-month,no,Mailed check,92.27,1897.93,yes
CUST-0845,  Male  ,1,32.0,no,fiber optic,month-to-month,yes,Mailed check,65.92,2070.11,yes
CUST-0559,Female,0,33.0,yes,dsl,month-to-month,no,Bank transfer,108.65,3607.91,no
CUST-0619,Female,0,1.0,yes,dsl,one year,yes,Electronic check,30.47,29.02,no
CUST-0353,Female,0,39.0,yes,fiber optic,month-to-month,yes,Bank transfer,49.53,1837.95,yes
CUST-0761,Male,0,34.0,yes,fiber optic,two year,no,Bank transfer,56.7,1892.71,no
CUST-0930,Male,0,28.0,yes,no,one year,no,Bank transfer,48.26,1351.51,no
CUST-0293,Female,0,36.0,yes,fiber optic,one year,yes,Credit card,46.52,856.61,no
CUST-0753,Female,0,31.0,yes,dsl,monthly,yes,  Credit card  ,54.08,1625.04,yes
CUST-0101,Male,0,36.0,yes,fiber optic,one year,no,Mailed check,79.38,1510.12,no
CUST-0158,Female,1,61.0,yes,fiber optic,month-to-month,no,Bank transfer,92.52,5637.98,yes
CUST-0646,Female,0,13.0,yes,fiber optic,month-to-month,yes,Mailed check,71.93,909.44,yes
CUST-0809,Male,0,27.0,yes,dsl,two year,yes,  Credit card  ,25.68,694.95,no
CUST-0306,Female,1,28.0,yes,dsl,two year,yes,Credit card,40.77,1139.39,no
CUST-0629,Male,0,36.0,yes,dsl,two year,no,Mailed check,63.51,1932.41,no
CUST-0159,  Male  ,1,9.0,yes,fiber optic,month-to-month,yes,Bank transfer,44.42,400.48,yes
CUST-0552,Female,0,17.0,yes,fiber optic,monthly,no,Credit card,26.46,447.85,no
CUST-0003,Female,1,55.0,yes,dsl,two year,no,  Mailed check  ,94.3,5132.29,no
CUST-0729,Male,0,47.0,yes,fiber optic,month-to-month,no,Electronic check,88.31,4063.61,yes
CUST-0209,Male,0,21.0,yes,fiber optic,month-to-month,yes,Credit card,56.83,1242.47,yes
CUST-0300,Male,0,20.0,yes,dsl,month-to-month,yes,Electronic check,50.13,983.63,yes
CUST-0851,Male,0,36.0,yes,fiber optic,monthly,yes,Bank transfer,58.35,3291.15,no
CUST-0437,  Male  ,0,63.0,yes,no,two year,yes,Credit card,38.98,2351.21,no
CUST-0870,Female,0,26.0,yes,fiber optic,month-to-month,no,Bank transfer,86.56,1897.93,yes
CUST-0412,Female,0,35.0,no,fiber optic,month-to-month,yes,Credit card,21.83,727.86,no
CUST-0615,  Female  ,0,13.0,yes,dsl,month-to-month,no,Electronic check,103.43,1409.19,no
CUST-0908,Male,0,19.0,yes,fiber optic,one year,yes,Electronic check,22.08,435.0,no
CUST-0997,Female,1,37.0,yes,fiber optic,month-to-month,yes,Mailed check,52.06,1967.47,no
CUST-0963,Male,0,10.0,yes,fiber optic,two year,yes,  Bank transfer  ,67.3,700.19,no
CUST-0701,Female,1,36.0,no,no,two year,yes,Bank transfer,64.97,4846.4,no
CUST-0779,Female,0,36.0,no,fiber optic,one year,no,Bank transfer,35.45,1721.76,no
CUST-0307,Female,0,36.0,yes,no,month-to-month,no,Credit card,51.57,200.22,yes
CUST-0222,Female,0,14.0,yes,dsl,two year,yes,Bank transfer,81.63,1116.03,no
CUST-0494,Male,0,42.0,yes,fiber optic,month-to-month,no,Bank transfer,72.84,1897.93,no
CUST-0424,  Male  ,0,54.0,yes,fiber optic,two year,yes,Bank transfer,77.6,4279.56,no
CUST-0299,Female,0,38.0,yes,fiber optic,two year,yes,Electronic check,38.42,1420.09,no
CUST-0468,Female,0,8.0,yes,fiber optic,month-to-month,yes,Bank transfer,51.32,411.1,no
CUST-0885,Female,0,62.0,yes,dsl,month-to-month,yes,Electronic check,23.33,1400.93,yes
CUST-0756,Female,0,9.0,yes,no,month-to-month,yes,Electronic check,69.81,628.78,no
CUST-0107,Male,0,24.0,yes,fiber optic,month-to-month,no,Credit card,106.5,2452.89,no
CUST-0859,Female,1,28.0,yes,dsl,month-to-month,yes,Electronic check,88.46,2519.07,no
CUST-0056,Female,0,70.0,yes,fiber optic,two year,yes,Electronic check,33.06,2385.97,no
CUST-0121,Female,1,3.0,yes,dsl,month-to-month,yes,Bank transfer,80.66,1897.93,yes
CUST-0311,Male,0,66.0,no,fiber optic,month-to-month,no,Electronic check,71.03,1897.93,yes
CUST-0026,Female,0,42.0,yes,fiber optic,one year,yes,  Bank transfer  ,81.18,3245.74,no
CUST-0073,Male,0,63.0,yes,dsl,month-to-month,no,Electronic check,72.78,4443.93,no
CUST-0531,  Female  ,0,8.0,yes,dsl,two year,no,Electronic check,87.13,720.33,no
CUST-0045,Male,1,33.0,yes,no,one year,yes,Electronic check,107.97,3423.09,no
CUST-0276,Female,0,20.0,yes,fiber optic,month-to-month,no,Mailed check,104.4,2029.32,no
CUST-0479,Female,0,67.0,yes,fiber optic,month-to-month,no,Credit card,107.11,7398.14,yes
CUST-0315,Female,0,38.0,yes,fiber optic,month-to-month,yes,Electronic check,29.98,1181.99,no
CUST-0337,Female,0,8.0,yes,dsl,two year,yes,Electronic check,35.14,279.75,no
CUST-0690,Male,0,31.0,yes,fiber optic,one year,yes,Mailed check,79.34,2398.61,no
CUST-0431,Male,0,32.0,yes,fiber optic,month-to-month,yes,Electronic check,25.33,798.88,no
CUST-0951,Female,0,20.0,yes,no,month-to-month,yes,Mailed check,90.5,1740.92,no
CUST-0834,Male,0,67.0,yes,fiber optic,month-to-month,no,Electronic check,83.07,5576.06,yes
CUST-0589,Male,0,42.0,no,fiber optic,month-to-month,no,Electronic check,67.03,2786.08,yes
CUST-0704,  Male  ,0,29.0,yes,fiber optic,two year,no,Electronic check,86.31,2434.07,no
CUST-0328,Female,0,35.0,yes,no,month-to-month,yes,Electronic check,29.55,1015.44,no
CUST-0716,Female,1,13.0,yes,no,month-to-month,yes,Credit card,99.15,1287.69,yes
CUST-0604,  Male  ,0,71.0,yes,fiber optic,month-to-month,no,Bank transfer,100.88,7313.2,no
CUST-0928,Female,0,37.0,yes,fiber optic,one year,yes,Bank transfer,27.78,1055.09,no
CUST-0981,Male,0,47.0,yes,fiber optic,month-to-month,yes,Electronic check,64.97,3784.76,no
CUST-0972,Female,0,69.0,yes,no,month-to-month,yes,Mailed check,60.88,4158.85,yes
CUST-0763,Male,0,8.0,yes,no,one year,yes,  Electronic check  ,89.12,713.77,no
CUST-0332,Female,0,13.0,yes,fiber optic,month-to-month,no,Mailed check,103.59,1364.79,yes
CUST-0061,Male,1,22.0,no,dsl,month-to-month,no,Credit card,64.97,1763.82,yes
CUST-0746,Female,0,28.0,yes,dsl,monthly,no,Credit card,108.06,1897.93,no
CUST-0372,Male,0,69.0,yes,no,two year,no,Bank transfer,38.92,2619.63,no
CUST-0093,Female,0,44.0,yes,dsl,month-to-month,yes,Mailed check,75.39,3403.31,no
CUST-0723,Male,0,58.0,yes,no,two year,yes,  Electronic check  ,49.64,1897.93,no
CUST-0491,Male,0,30.0,yes,fiber optic,one year,yes,Bank transfer,34.45,987.69,no
CUST-0463,  Female  ,0,11.0,yes,fiber optic,month-to-month,yes,  Bank transfer  ,106.61,1179.84,yes
CUST-0219,Female,0,59.0,yes,fiber optic,month-to-month,yes,Bank transfer,58.51,3555.54,no
CUST-0514,Female,0,32.0,yes,fiber optic,one year,no,Electronic check,96.5,3193.46,no
CUST-0621,Male,0,35.0,yes,dsl,month-to-month,yes,Mailed check,107.14,3782.72,yes
CUST-0426,Female,1,36.0,yes,no,two year,yes,Electronic check,105.12,3937.28,no
CUST-0333,Male,0,61.0,yes,fiber optic,month-to-month,yes,Credit card,92.39,5654.23,yes
CUST-0860,  Male  ,0,65.0,yes,fiber optic,one year,no,Electronic check,63.27,1897.93,no
CUST-0990,Female,0,8.0,yes,fiber optic,month-to-month,yes,Electronic check,102.34,1897.93,yes
CUST-0583,Male,0,31.0,yes,dsl,month-to-month,yes,Electronic check,22.03,698.3,no
CUST-0356,Female,1,39.0,yes,dsl,month-to-month,yes,Bank transfer,60.79,2285.26,no
CUST-0483,Male,0,27.0,yes,dsl,two year,no,Mailed check,62.85,1719.47,no
CUST-0546,  Male  ,0,56.0,yes,no,month-to-month,yes,Credit card,64.75,3807.12,no
CUST-0111,  Male  ,0,9.0,yes,fiber optic,one year,yes,Credit card,83.48,756.04,yes
CUST-0515,Male,0,51.0,no,dsl,one year,yes,  Mailed check  ,96.17,1897.93,no
CUST-0603,Male,0,26.0,no,dsl,month-to-month,yes,Credit card,91.93,2341.44,yes
CUST-0996,Male,0,15.0,yes,fiber optic,month-to-month,no,Mailed check,69.18,1008.36,yes
CUST-0508,Female,0,13.0,yes,fiber optic,month-to-month,yes,Credit card,71.99,960.6,yes
CUST-0335,Male,1,46.0,yes,no,one year,no,Mailed check,42.43,1911.06,no
CUST-0849,Female,1,59.0,no,dsl,month-to-month,yes,Mailed check,60.32,3562.46,no
CUST-0295,Male,0,52.0,no,fiber optic,two year,yes,  Electronic check  ,40.14,2020.74,no
CUST-0287,Male,0,47.0,yes,dsl,month-to-month,no,Electronic check,101.88,4836.89,no
CUST-0939,Male,0,67.0,yes,fiber optic,month-to-month,yes,Electronic check,54.69,3691.66,yes
CUST-0448,Female,0,37.0,yes,dsl,month-to-month,yes,Bank transfer,45.61,1725.05,no
CUST-0693,Female,0,57.0,yes,fiber optic,month-to-month,no,Mailed check,34.28,1897.93,yes
CUST-0653,Female,0,55.0,yes,fiber optic,two year,no,Credit card,93.53,4995.17,no
CUST-0969,  Female  ,0,22.0,yes,fiber optic,one year,no,Mailed check,57.81,1269.7,no
CUST-0278,Female,1,44.0,yes,dsl,two year,yes,Bank transfer,21.76,936.09,no
CUST-0759,  Female  ,0,56.0,yes,fiber optic,month-to-month,no,Electronic check,103.45,5986.1,yes
CUST-0138,Female,0,16.0,yes,dsl,month-to-month,yes,Electronic check,39.22,628.0,no
CUST-0502,Female,0,17.0,yes,no,one year,yes,Bank transfer,106.06,1725.58,no
CUST-0405,Male,0,38.0,yes,fiber optic,month-to-month,no,Electronic check,28.4,1087.15,no
CUST-0524,Female,0,13.0,no,dsl,month-to-month,yes,  Mailed check  ,109.74,1362.8,no
CUST-0781,Female,0,10.0,yes,fiber optic,one year,no,Mailed check,22.29,220.51,no
CUST-0978,  Male  ,0,19.0,yes,no,two year,no,Electronic check,94.94,1829.79,no
CUST-0581,Male,0,47.0,no,fiber optic,month-to-month,no,Bank transfer,106.76,5185.97,yes
CUST-0238,  Male  ,0,45.0,yes,no,month-to-month,no,Bank transfer,29.71,1366.25,yes
CUST-0989,Male,0,15.0,yes,fiber optic,month-to-month,yes,Mailed check,91.41,1359.96,no
CUST-0216,Male,0,9.0,yes,fiber optic,month-to-month,yes,Electronic check,105.9,923.4,yes
CUST-0895,Female,0,11.0,yes,dsl,month-to-month,no,  Bank transfer  ,34.72,379.31,yes
CUST-0245,Male,0,36.0,yes,dsl,two year,yes,Mailed check,62.78,3386.98,no
CUST-0553,Female,0,19.0,yes,no,month-to-month,no,Bank transfer,87.26,1639.01,no
CUST-0838,Male,0,44.0,yes,fiber optic,one year,no,Electronic check,76.11,3294.19,yes
CUST-0864,Male,0,54.0,yes,fiber optic,month-to-month,yes,Credit card,37.72,2004.6,yes
CUST-0668,Male,1,31.0,yes,no,month-to-month,yes,Bank transfer,70.67,2222.0,yes
CUST-0622,Male,0,66.0,yes,dsl,one year,no,Electronic check,103.06,6503.79,no
CUST-0079,Male,0,20.0,yes,dsl,month-to-month,no,Credit card,81.95,1644.18,no
CUST-0030,Male,0,37.0,yes,no,two year,yes,Mailed check,62.55,2338.39,no
CUST-0451,Female,0,36.0,yes,fiber optic,one year,no,Credit card,74.72,2818.63,no
CUST-0290,Female,0,46.0,yes,dsl,monthly,yes,Mailed check,32.07,1539.34,no
CUST-0050,Male,0,58.0,yes,dsl,month-to-month,no,Mailed check,109.84,6489.59,yes
CUST-0671,Male,0,32.0,yes,dsl,two year,yes,Bank transfer,43.13,1419.67,no
CUST-0799,  Female  ,0,24.0,no,no,monthly,yes,Electronic check,78.37,1864.45,yes
CUST-0166,Female,0,47.0,yes,dsl,month-to-month,yes,Electronic check,78.72,3883.79,no
CUST-0931,Male,0,42.0,yes,no,month-to-month,no,Electronic check,61.36,2519.05,no
CUST-0179,  Female  ,0,58.0,yes,dsl,month-to-month,yes,Mailed check,41.43,2349.14,no
CUST-0694,Male,0,26.0,yes,fiber optic,month-to-month,no,Bank transfer,48.14,1231.27,no
CUST-0066,Female,0,39.0,yes,dsl,month-to-month,yes,Mailed check,90.63,3631.23,no
CUST-0142,  Male  ,0,30.0,yes,dsl,one year,no,Electronic check,25.35,725.63,no
CUST-0986,Male,0,21.0,no,fiber optic,one year,yes,Bank transfer,102.51,2082.07,no
CUST-0352,Female,0,59.0,yes,no,one year,no,Credit card,20.48,1197.99,no
CUST-0862,Male,0,47.0,yes,fiber optic,month-to-month,no,Electronic check,64.97,4068.7,yes
CUST-0441,Male,1,57.0,yes,dsl,month-to-month,no,Electronic check,101.33,6009.5,no
CUST-0347,Female,0,49.0,yes,fiber optic,month-to-month,no,Mailed check,59.85,3019.9,no
CUST-0255,Male,0,53.0,yes,no,one year,no,Bank transfer,23.26,1175.01,no
CUST-0695,  Male  ,0,18.0,yes,no,month-to-month,no,Bank transfer,29.53,505.72,yes
CUST-0345,Male,0,36.0,yes,no,month-to-month,yes,Electronic check,64.97,430.38,no
CUST-0236,  Female  ,0,19.0,yes,fiber optic,month-to-month,no,Bank transfer,22.6,449.19,yes
CUST-0548,Female,0,41.0,yes,fiber optic,month-to-month,no,Mailed check,37.27,1539.7,no
CUST-0500,Female,1,59.0,yes,no,month-to-month,yes,  Electronic check  ,46.23,2772.52,yes
CUST-0596,Male,0,56.0,yes,dsl,two year,no,  Bank transfer  ,48.49,1897.93,no
CUST-0941,Male,0,45.0,yes,fiber optic,one year,no,Mailed check,95.77,4251.21,yes
CUST-0250,Female,0,36.0,no,no,month-to-month,yes,Credit card,82.19,761.41,no
CUST-0641,Male,0,34.0,yes,dsl,month-to-month,yes,Mailed check,75.97,2546.17,no
CUST-0382,Female,0,68.0,yes,fiber optic,one year,no,Credit card,25.64,1694.64,no
CUST-0072,Male,0,64.0,yes,fiber optic,month-to-month,yes,Mailed check,64.97,5838.56,no
CUST-0095,Female,0,6.0,yes,dsl,month-to-month,yes,Mailed check,60.25,359.9,yes
CUST-0034,Female,0,36.0,yes,fiber optic,one year,yes,Electronic check,107.48,333.38,yes
CUST-0260,Male,0,8.0,yes,fiber optic,one year,yes,Mailed check,90.31,690.91,no
CUST-0205,Female,0,47.0,yes,fiber optic,month-to-month,no,Mailed check,70.49,1897.93,yes
CUST-0360,Female,0,19.0,yes,dsl,month-to-month,yes,Mailed check,23.65,1897.93,yes
CUST-0602,Male,0,8.0,yes,fiber optic,month-to-month,yes,Credit card,27.78,225.3,yes
CUST-0399,Female,0,39.0,yes,dsl,one year,yes,Credit card,101.3,3993.88,yes
CUST-0078,  Male  ,0,36.0,yes,dsl,month-to-month,no,Bank transfer,22.35,483.6,no
CUST-0085,Male,1,40.0,yes,fiber optic,month-to-month,no,Bank transfer,21.7,858.8,no
CUST-0320,Male,0,12.0,yes,fiber optic,one year,yes,Bank transfer,62.08,1897.93,no
CUST-0083,Male,0,14.0,yes,dsl,month-to-month,yes,Electronic check,27.59,393.15,no
CUST-0948,Female,0,32.0,yes,no,two year,yes,Electronic check,47.79,1476.56,no
CUST-0708,Female,0,19.0,yes,dsl,one year,no,Credit card,103.48,1897.93,no
CUST-0539,Male,0,54.0,no,dsl,one year,yes,Bank transfer,82.82,4527.57,no
CUST-0544,Female,0,11.0,yes,dsl,month-to-month,yes,Electronic check,24.16,261.89,no
CUST-0826,Female,0,43.0,yes,no,month-to-month,yes,Bank transfer,86.84,3602.23,no
CUST-0429,Male,0,36.0,yes,fiber optic,two year,yes,Bank transfer,27.08,835.61,no
CUST-0310,Male,0,67.0,yes,dsl,month-to-month,yes,Mailed check,82.01,1897.93,no
CUST-0006,Male,0,16.0,yes,fiber optic,month-to-month,yes,Bank transfer,83.7,1312.17,no
CUST-0789,Male,0,24.0,yes,dsl,month-to-month,yes,Mailed check,73.45,1765.13,no
CUST-0105,  Female  ,1,12.0,no,fiber optic,two year,no,Bank transfer,74.77,902.51,no
CUST-0098,Male,0,23.0,yes,dsl,two year,no,Credit card,49.08,1151.64,no
CUST-0297,Female,0,36.0,yes,fiber optic,month-to-month,yes,Mailed check,109.19,2283.7,yes
CUST-0409,Female,0,36.0,no,fiber optic,month-to-month,no,Bank transfer,106.05,201.87,yes
CUST-0446,Female,0,56.0,yes,dsl,month-to-month,yes,Electronic check,70.97,3830.36,yes
CUST-0904,Female,0,59.0,yes,dsl,one year,yes,Credit card,65.83,3916.82,no
CUST-0282,  Male  ,0,68.0,yes,dsl,two year,yes,Credit card,75.74,5029.75,no
CUST-0267,  Female  ,0,30.0,yes,dsl,month-to-month,no,Bank transfer,83.59,2460.15,no
CUST-0740,Male,0,36.0,yes,fiber optic,month-to-month,yes,  Mailed check  ,43.36,886.3,yes
CUST-0887,Female,0,46.0,yes,no,one year,no,  Electronic check  ,83.43,3850.6,no
CUST-0535,Female,0,36.0,yes,fiber optic,month-to-month,yes,Bank transfer,101.71,3615.88,no
CUST-0433,  Female  ,0,67.0,yes,no,two year,no,Electronic check,36.62,2482.05,no
CUST-0912,Male,1,4.0,yes,dsl,one year,yes,Electronic check,88.79,345.82,no
CUST-0657,Male,0,65.0,no,fiber optic,one year,no,Credit card,50.18,3113.0,no
CUST-0119,Female,0,2.0,yes,fiber optic,month-to-month,no,Credit card,93.9,185.97,no
CUST-0406,Female,0,3.0,yes,dsl,month-to-month,no,Bank transfer,66.88,199.53,yes
CUST-0251,Male,0,64.0,yes,no,month-to-month,no,Bank transfer,56.37,3557.13,yes
CUST-0378,Male,0,49.0,yes,fiber optic,month-to-month,yes,  Electronic check  ,73.7,3714.7,no
CUST-0616,Female,0,8.0,yes,fiber optic,month-to-month,yes,Credit card,64.97,641.78,yes
CUST-0010,Female,0,45.0,yes,dsl,month-to-month,yes,Credit card,55.92,2627.68,yes
CUST-0358,Female,0,64.0,yes,fiber optic,month-to-month,yes,Electronic check,52.39,3335.52,yes
CUST-0197,Female,1,70.0,yes,dsl,month-to-month,yes,Electronic check,60.31,1897.93,yes
CUST-0632,Female,0,60.0,yes,fiber optic,month-to-month,no,Electronic check,34.65,2027.89,no
CUST-0082,Female,0,15.0,yes,fiber optic,two year,no,Electronic check,41.06,1897.93,no
CUST-0527,Male,0,17.0,yes,fiber optic,two year,yes,Bank transfer,105.97,1872.93,no
CUST-0831,Male,1,45.0,yes,dsl,month-to-month,yes,Bank transfer,101.06,4606.42,yes
CUST-0906,  Female  ,0,11.0,yes,no,month-to-month,no,Credit card,52.07,572.09,no
CUST-0240,Male,0,63.0,yes,fiber optic,month-to-month,yes,Mailed check,95.5,6130.37,yes
CUST-0324,Male,0,36.0,yes,fiber optic,one year,no,Credit card,103.39,6919.4,no
CUST-0212,Female,0,46.0,yes,fiber optic,one year,yes,Credit card,42.28,1997.7,no
CUST-0847,Male,0,22.0,yes,fiber optic,month-to-month,no,Credit card,45.35,990.57,no
CUST-0549,Female,0,46.0,yes,fiber optic,month-to-month,yes,Credit card,64.97,2347.06,yes
CUST-0498,Male,0,18.0,yes,dsl,month-to-month,yes,Electronic check,80.37,1501.5,no
CUST-0228,Male,0,40.0,yes,no,one year,yes,Electronic check,86.63,3486.86,no
CUST-0892,Female,0,44.0,yes,fiber optic,two year,yes,Credit card,51.61,2181.5,no
CUST-0815,Female,0,37.0,yes,no,two year,yes,Mailed check,90.6,3409.82,no
CUST-0829,  Female  ,0,32.0,yes,dsl,month-to-month,no,Bank transfer,22.85,748.3,no
CUST-0178,Male,0,47.0,yes,dsl,two year,no,Electronic check,20.89,1013.71,no
CUST-0975,Male,0,51.0,yes,no,one year,no,Bank transfer,90.55,4694.48,no
CUST-0434,Male,0,36.0,yes,dsl,two year,yes,Bank transfer,50.7,1419.44,no
CUST-0944,Female,0,54.0,yes,fiber optic,one year,yes,Credit card,78.99,4358.79,yes
CUST-0517,Male,0,21.0,yes,fiber optic,one year,no,Bank transfer,94.92,1896.16,no
CUST-0351,Female,1,51.0,no,dsl,month-to-month,yes,Bank transfer,24.42,1198.9,yes
CUST-0519,Female,0,11.0,yes,dsl,month-to-month,yes,Mailed check,58.15,626.67,no
CUST-0008,Female,1,70.0,yes,no,month-to-month,yes,Electronic check,100.69,1897.93,no
CUST-0156,Male,0,26.0,yes,fiber optic,month-to-month,yes,Credit card,29.2,752.9,no
CUST-0945,Male,0,27.0,yes,fiber optic,two year,yes,Electronic check,20.74,565.78,no
CUST-0330,Male,0,56.0,yes,dsl,month-to-month,yes,Electronic check,108.08,5899.33,yes
CUST-0543,Male,0,21.0,yes,fiber optic,month-to-month,no,Electronic check,84.15,1842.19,no
CUST-0440,Male,0,32.0,yes,no,one year,no,Electronic check,70.28,2176.6,no
CUST-0810,Male,0,53.0,yes,fiber optic,month-to-month,no,Credit card,102.22,5208.81,no
CUST-0901,Male,0,48.0,yes,fiber optic,two year,yes,Bank transfer,30.22,1378.2,no
CUST-0371,Male,1,45.0,yes,no,one year,no,Credit card,49.49,2174.17,no
CUST-0605,Male,0,30.0,yes,fiber optic,one year,yes,Electronic check,104.7,3037.14,no
CUST-0974,Male,0,56.0,yes,no,month-to-month,no,Electronic check,64.97,5362.96,yes
CUST-0594,Male,0,24.0,yes,dsl,two year,yes,Bank transfer,29.94,694.14,no
CUST-0877,Female,0,27.0,no,no,month-to-month,yes,Credit card,73.13,1945.96,yes
CUST-0555,Female,0,36.0,yes,fiber optic,one year,no,Bank transfer,68.86,3162.99,no
CUST-0754,Male,0,2.0,yes,no,two year,no,Electronic check,57.63,117.2,no
CUST-0874,Male,1,36.0,yes,fiber optic,month-to-month,no,Bank transfer,92.54,3122.77,no
CUST-0533,Female,0,5.0,no,dsl,monthly,no,Mailed check,62.59,303.97,yes
CUST-0867,Male,0,47.0,yes,fiber optic,two year,no,Mailed check,52.51,2587.73,no
CUST-0229,Female,1,14.0,no,no,month-to-month,yes,Electronic check,48.15,667.5,no
CUST-0391,Female,0,2.0,yes,dsl,two year,no,Credit card,74.79,1897.93,no
CUST-0760,Female,0,45.0,yes,fiber optic,month-to-month,yes,  Mailed check  ,72.97,3443.62,yes
CUST-0213,Female,0,14.0,yes,fiber optic,two year,no,Electronic check,92.66,1300.18,no
CUST-0080,Male,1,26.0,yes,fiber optic,month-to-month,yes,  Credit card  ,74.37,1897.93,yes
CUST-0149,Male,1,69.0,no,dsl,two year,no,Credit card,44.21,1897.93,no
CUST-0303,Female,0,4.0,yes,no,month-to-month,yes,Electronic check,32.17,128.29,yes
CUST-0449,Male,1,36.0,yes,dsl,month-to-month,yes,Credit card,35.3,239.05,no
CUST-0362,Female,0,46.0,yes,fiber optic,month-to-month,yes,Electronic check,64.97,4333.79,no
CUST-0532,Female,0,28.0,yes,no,one year,yes,Bank transfer,54.04,1438.7,no
CUST-0530,Female,0,37.0,yes,fiber optic,month-to-month,no,Electronic check,34.94,1246.44,yes
CUST-0044,Female,0,36.0,yes,dsl,month-to-month,yes,  Mailed check  ,49.17,3570.35,no
CUST-0674,  Female  ,0,54.0,yes,dsl,month-to-month,no,Bank transfer,106.89,5819.5,yes
CUST-0134,Male,0,9.0,yes,no,month-to-month,yes,Electronic check,50.28,435.0,no
CUST-0576,Female,0,38.0,yes,fiber optic,month-to-month,yes,Credit card,77.49,2932.15,no
CUST-0312,Male,1,34.0,yes,no,month-to-month,no,Bank transfer,64.97,2747.62,no
CUST-0635,Male,1,45.0,no,dsl,month-to-month,no,Credit card,79.52,3697.29,yes
CUST-0568,Male,0,47.0,yes,no,monthly,yes,Electronic check,86.51,1897.93,yes
CUST-0821,Female,0,58.0,yes,no,month-to-month,yes,Electronic check,39.32,2280.55,yes
CUST-0001,Male,0,7.0,yes,dsl,month-to-month,no,Mailed check,63.36,439.05,no
CUST-0478,Female,0,59.0,yes,fiber optic,one year,no,Electronic check,78.57,4775.94,no
CUST-0317,Male,0,25.0,yes,dsl,month-to-month,no,  Electronic check  ,89.39,2213.38,no
CUST-0738,Female,0,47.0,yes,dsl,one year,yes,  Mailed check  ,91.98,4454.03,no
CUST-0573,Male,0,45.0,yes,fiber optic,month-to-month,no,Credit card,81.7,3735.98,yes
CUST-0381,Male,0,66.0,yes,fiber optic,one year,no,Mailed check,93.41,6052.96,no
CUST-0833,Male,0,36.0,no,fiber optic,month-to-month,no,Mailed check,64.97,313.83,yes
CUST-0973,Female,0,11.0,yes,fiber optic,month-to-month,yes,Electronic check,64.97,450.3,yes
CUST-0962,  Female  ,0,20.0,yes,fiber optic,two year,no,Electronic check,64.97,487.1,no
CUST-0173,Female,0,35.0,yes,fiber optic,two year,yes,Electronic check,31.04,1134.66,no
CUST-0126,Male,0,1.0,yes,dsl,month-to-month,yes,Bank transfer,66.99,69.77,yes
CUST-0667,Male,0,25.0,yes,fiber optic,month-to-month,yes,  Electronic check  ,109.35,2664.99,yes
CUST-0835,Male,0,29.0,no,fiber optic,month-to-month,no,  Electronic check  ,85.4,2545.71,no
CUST-0940,Female,0,13.0,no,dsl,month-to-month,yes,Mailed check,68.08,876.01,yes
CUST-0091,Male,1,25.0,yes,dsl,month-to-month,no,Electronic check,44.35,1094.62,no
CUST-0979,Male,1,60.0,yes,fiber optic,month-to-month,yes,Mailed check,38.07,2246.53,yes
CUST-0182,Male,0,48.0,yes,dsl,month-to-month,no,Mailed check,41.68,2072.19,no
CUST-0364,Female,0,1.0,yes,fiber optic,one year,yes,Credit card,84.45,86.28,no
CUST-0275,Female,0,48.0,yes,fiber optic,month-to-month,no,Mailed check,84.98,4011.13,yes
CUST-0965,Male,0,41.0,yes,fiber optic,one year,no,Credit card,32.98,1897.93,yes
CUST-0070,Female,0,59.0,yes,no,monthly,no,Electronic check,64.97,6303.41,no
CUST-0292,Male,0,15.0,yes,dsl,one year,no,Electronic check,98.15,1405.67,no
CUST-0132,Male,0,19.0,yes,dsl,two year,yes,Electronic check,38.56,1897.93,no
CUST-0301,Male,0,29.0,yes,fiber optic,month-to-month,yes,Electronic check,49.73,1512.01,no
CUST-0606,Male,0,7.0,yes,dsl,month-to-month,yes,Electronic check,98.07,709.28,no
CUST-0327,Female,0,36.0,yes,dsl,month-to-month,yes,Bank transfer,53.03,1897.93,no
CUST-0145,Male,0,4.0,yes,dsl,month-to-month,no,Bank transfer,91.45,368.01,no
CUST-0899,Male,0,16.0,yes,no,month-to-month,no,Credit card,30.53,495.67,yes
CUST-0669,Male,0,55.0,yes,no,one year,yes,Mailed check,52.1,1897.93,no
CUST-0136,Male,0,11.0,yes,dsl,one year,no,Bank transfer,60.9,643.19,yes
CUST-0452,Female,0,56.0,yes,no,one year,no,Electronic check,71.82,3959.12,no
CUST-0165,Male,0,66.0,yes,dsl,one year,yes,Mailed check,102.05,6964.14,no
CUST-0029,Female,0,57.0,yes,dsl,month-to-month,no,Bank transfer,60.21,3594.88,no
CUST-0588,Male,0,10.0,yes,fiber optic,month-to-month,no,Credit card,80.94,821.18,no
CUST-0194,Female,0,28.0,yes,dsl,month-to-month,yes,Mailed check,89.99,1897.93,yes
CUST-0430,Male,1,60.0,yes,no,month-to-month,yes,Electronic check,35.47,2223.44,yes
CUST-0666,Male,1,57.0,yes,fiber optic,two year,yes,Mailed check,35.04,2083.67,no
CUST-0987,Female,0,4.0,yes,fiber optic,one year,yes,Credit card,70.42,274.97,no
CUST-0170,Female,0,28.0,yes,fiber optic,two year,yes,Mailed check,77.85,2225.82,no
CUST-0526,Male,0,51.0,yes,dsl,month-to-month,yes,  Electronic check  ,88.51,4426.13,yes
CUST-0141,Female,0,21.0,yes,fiber optic,month-to-month,yes,Electronic check,93.95,1897.93,yes
CUST-0174,Male,0,36.0,yes,no,month-to-month,no,Electronic check,59.01,3164.2,yes
CUST-0007,Male,0,54.0,yes,fiber optic,month-to-month,yes,Mailed check,63.47,3461.16,no
CUST-0765,Male,0,36.0,yes,dsl,one year,yes,Mailed check,64.96,2333.55,no
CUST-0520,Male,1,68.0,yes,no,two year,yes,Electronic check,0.01,1687.9,yes
CUST-0679,Female,0,50.0,yes,dsl,month-to-month,yes,Credit card,63.9,3175.58,no
CUST-0074,Female,0,49.0,yes,no,one year,yes,Credit card,43.51,2161.48,no
CUST-0714,Male,0,15.0,yes,no,month-to-month,no,Bank transfer,87.75,1354.15,no
CUST-0676,Female,0,20.0,yes,dsl,one year,no,Electronic check,91.28,1855.03,no
CUST-0239,Female,1,71.0,yes,fiber optic,month-to-month,no,Electronic check,43.61,3122.63,no
CUST-0146,Male,1,28.0,no,fiber optic,month-to-month,yes,Mailed check,98.7,2631.43,no
CUST-0824,Male,0,12.0,yes,dsl,monthly,yes,Mailed check,84.55,1029.58,no
CUST-0235,Male,0,0.0,yes,no,month-to-month,yes,Bank transfer,108.65,4736.82,no
CUST-0221,Female,1,38.0,yes,fiber optic,two year,yes,Credit card,64.97,2901.19,no
CUST-0215,Female,0,39.0,yes,fiber optic,one year,yes,Credit card,54.75,2055.12,no
CUST-0689,Female,0,12.0,yes,no,month-to-month,yes,Credit card,49.59,574.71,no
CUST-0133,Male,0,32.0,yes,fiber optic,one year,yes,Bank transfer,42.49,1399.76,no
CUST-0404,Female,0,2.0,yes,fiber optic,one year,no,Mailed check,90.61,180.63,no
CUST-0458,Male,0,29.0,yes,fiber optic,one year,no,Electronic check,24.06,1897.93,no
CUST-0685,Female,0,63.0,yes,no,one year,yes,Bank transfer,37.88,2316.38,no
CUST-0423,Male,0,21.0,yes,dsl,month-to-month,no,Mailed check,108.73,2248.53,yes
CUST-0186,Female,1,11.0,yes,fiber optic,one year,yes,Electronic check,49.81,556.68,no
CUST-0042,Male,0,50.0,yes,dsl,month-to-month,yes,Credit card,28.55,1371.58,yes
CUST-0639,Male,1,40.0,no,dsl,month-to-month,no,Electronic check,67.69,2837.27,yes
CUST-0109,Male,0,36.0,yes,fiber optic,monthly,no,Mailed check,43.36,1606.35,no
CUST-0617,Male,1,5.0,yes,no,two year,no,Electronic check,82.18,1897.93,no
CUST-0057,Male,0,70.0,yes,no,one year,no,Electronic check,101.39,6931.34,yes
CUST-0450,Male,0,68.0,yes,fiber optic,month-to-month,no,Electronic check,50.18,3443.03,no
CUST-0774,  Male  ,1,54.0,yes,fiber optic,month-to-month,no,  Credit card  ,20.74,1161.44,no
CUST-0590,Male,0,64.0,yes,no,two year,yes,Mailed check,90.38,5540.13,no
CUST-0896,Male,0,28.0,yes,dsl,month-to-month,yes,Electronic check,59.23,1584.18,yes
CUST-0436,Female,0,41.0,yes,dsl,one year,yes,Electronic check,84.05,3433.08,no
CUST-0025,Male,1,21.0,yes,fiber optic,two year,no,Credit card,64.97,1897.93,no
CUST-0811,  Female  ,0,42.0,yes,dsl,month-to-month,yes,Electronic check,57.41,2387.31,yes
CUST-0495,  Male  ,0,35.0,yes,fiber optic,month-to-month,no,Credit card,26.0,929.57,no
CUST-0827,Male,0,7.0,yes,fiber optic,month-to-month,yes,Electronic check,96.19,671.92,yes
CUST-0982,  Female  ,0,36.0,yes,fiber optic,month-to-month,yes,Bank transfer,77.37,5640.74,yes
CUST-0929,  Female  ,0,36.0,yes,dsl,one year,yes,Bank transfer,88.35,1897.93,yes
CUST-0966,Male,0,5.0,yes,fiber optic,one year,no,Mailed check,102.82,1897.93,no
CUST-0339,Male,0,20.0,yes,dsl,one year,no,Mailed check,107.79,2160.29,no
CUST-0052,Female,0,41.0,yes,fiber optic,month-to-month,yes,Electronic check,24.35,1023.89,no
CUST-0384,Female,0,36.0,yes,dsl,month-to-month,no,Electronic check,64.53,2383.11,no
CUST-0540,Male,0,45.0,yes,dsl,month-to-month,no,Electronic check,64.97,911.62,no
CUST-0992,Female,0,19.0,yes,fiber optic,one year,yes,  Mailed check  ,93.57,1791.09,yes
CUST-0661,Male,0,13.0,yes,dsl,month-to-month,no,Bank transfer,30.4,408.12,yes
CUST-0964,Male,0,59.0,yes,fiber optic,month-to-month,yes,Electronic check,64.7,3827.82,no
CUST-0265,Female,0,62.0,yes,dsl,one year,no,Electronic check,100.61,6436.38,no
CUST-0955,Male,1,45.0,yes,fiber optic,month-to-month,no,Electronic check,20.75,963.94,no
CUST-0742,Male,0,37.0,yes,dsl,one year,yes,  Bank transfer  ,62.05,2400.67,no
CUST-0713,Male,0,68.0,yes,no,month-to-month,yes,Electronic check,64.74,4411.12,yes
CUST-0445,Female,1,34.0,yes,fiber optic,two year,yes,Electronic check,31.4,1070.82,no
CUST-0396,Female,0,10.0,yes,dsl,monthly,yes,Mailed check,92.93,969.71,no
CUST-0542,Female,0,12.0,yes,dsl,two year,yes,Bank transfer,22.73,266.58,no
CUST-0496,Male,0,6.0,yes,no,month-to-month,no,Bank transfer,94.67,574.53,yes
CUST-0019,Male,1,15.0,yes,dsl,one year,yes,Electronic check,64.97,707.67,no
CUST-0747,  Male  ,0,41.0,yes,fiber optic,month-to-month,yes,Credit card,92.9,3723.41,no
CUST-0523,Female,0,24.0,yes,fiber optic,month-to-month,yes,Mailed check,50.97,1247.96,no
CUST-0595,Female,0,35.0,yes,dsl,two year,yes,Electronic check,57.76,1922.09,no
CUST-0480,Female,0,45.0,yes,dsl,two year,yes,Mailed check,97.67,4283.21,no
CUST-0368,Female,1,12.0,no,fiber optic,month-to-month,yes,Electronic check,29.3,360.65,yes
CUST-0084,Male,1,27.0,yes,dsl,two year,yes,Bank transfer,43.33,1182.51,no
CUST-0062,Male,1,57.0,yes,dsl,one year,yes,Credit card,51.12,2849.17,no
CUST-0484,Female,0,46.0,yes,fiber optic,month-to-month,yes,Electronic check,82.03,1897.93,no
CUST-0273,Female,0,21.0,yes,fiber optic,two year,no,Electronic check,63.21,1897.93,no
CUST-0286,Male,0,45.0,yes,dsl,monthly,yes,  Mailed check  ,79.34,3613.8,yes
CUST-0361,Male,1,11.0,yes,fiber optic,two year,yes,Electronic check,55.17,608.96,no
CUST-0355,Male,0,41.0,yes,fiber optic,two year,no,Bank transfer,85.74,3520.08,no
CUST-0612,Female,0,1.0,yes,dsl,one year,no,Mailed check,98.22,99.36,no
CUST-0279,  Female  ,0,33.0,yes,fiber optic,monthly,yes,Electronic check,64.97,1897.93,yes
CUST-0013,Female,1,21.0,yes,dsl,month-to-month,no,Bank transfer,49.21,1897.93,yes
CUST-0183,Female,0,22.0,yes,dsl,one year,yes,  Electronic check  ,31.69,680.88,no
CUST-0369,Male,0,61.0,yes,dsl,month-to-month,no,Credit card,36.26,2180.22,no
CUST-0528,Male,0,24.0,yes,fiber optic,month-to-month,no,Credit card,99.9,2431.5,no
CUST-0644,Male,0,66.0,yes,no,month-to-month,yes,Credit card,55.1,3511.38,no
CUST-0224,Male,1,35.0,yes,fiber optic,month-to-month,yes,  Electronic check  ,90.78,3273.5,yes
CUST-0600,Male,1,35.0,yes,fiber optic,one year,no,Credit card,64.97,751.6,no
CUST-0766,Female,0,18.0,yes,dsl,monthly,yes,Credit card,30.09,552.4,no
CUST-0707,  Male  ,0,65.0,yes,dsl,two year,yes,Credit card,20.78,1303.87,yes
CUST-0571,Female,0,35.0,no,fiber optic,two year,no,Electronic check,38.34,1407.68,no
CUST-0487,Male,0,50.0,yes,no,month-to-month,yes,Electronic check,62.19,3107.33,no
CUST-0466,Male,0,64.0,yes,no,month-to-month,no,Credit card,88.63,5556.38,yes
CUST-0933,Female,0,42.0,yes,fiber optic,month-to-month,no,Credit card,76.46,3282.47,yes
CUST-0637,Female,0,16.0,yes,no,month-to-month,no,Bank transfer,63.88,1008.12,no
CUST-0177,Female,0,51.0,yes,fiber optic,two year,no,Mailed check,33.78,1667.31,no
CUST-0696,Female,0,38.0,yes,dsl,one year,yes,Bank transfer,21.68,795.29,no
CUST-0656,  Male  ,1,39.0,yes,dsl,one year,yes,Bank transfer,73.53,2769.99,no
CUST-0614,Male,0,37.0,yes,dsl,month-to-month,no,  Credit card  ,74.79,2891.9,yes
CUST-0457,  Male  ,0,19.0,yes,dsl,two year,no,Electronic check,64.97,1837.53,no
CUST-0545,Female,1,5.0,yes,dsl,month-to-month,yes,Mailed check,43.96,223.35,no
CUST-0394,Female,0,66.0,yes,fiber optic,month-to-month,yes,Electronic check,22.26,1516.95,no
CUST-0164,Female,0,11.0,yes,dsl,month-to-month,yes,Electronic check,83.53,883.14,no
CUST-0249,Female,1,30.0,yes,fiber optic,one year,no,Electronic check,75.42,2256.96,no
CUST-0663,Female,1,19.0,yes,dsl,month-to-month,yes,Bank transfer,106.37,2062.25,yes
CUST-0921,Female,0,8.0,yes,fiber optic,monthly,yes,Credit card,33.98,258.68,no
CUST-0998,  Male  ,0,1.0,yes,fiber optic,month-to-month,no,Bank transfer,20.65,1897.93,no
CUST-0376,Male,1,30.0,yes,fiber optic,two year,yes,Electronic check,23.13,671.6,no
CUST-0413,Female,0,65.0,yes,fiber optic,one year,no,Bank transfer,63.15,4224.28,no
CUST-0075,Female,1,64.0,yes,fiber optic,monthly,yes,Credit card,108.37,7042.88,no
CUST-0917,Male,1,66.0,yes,no,month-to-month,no,Mailed check,87.75,5750.49,no
CUST-0114,Female,0,48.0,yes,dsl,one year,no,  Mailed check  ,51.08,2390.74,no
CUST-0501,Female,0,47.0,yes,fiber optic,one year,no,  Mailed check  ,62.33,2882.38,no
CUST-0586,Male,0,67.0,yes,dsl,two year,yes,Bank transfer,101.7,6688.38,no
CUST-0115,Female,0,42.0,yes,no,one year,yes,Mailed check,109.2,4673.4,no
CUST-0418,Male,0,25.0,yes,dsl,two year,yes,Electronic check,88.78,2278.45,yes
CUST-0090,Male,0,66.0,yes,dsl,month-to-month,yes,Mailed check,21.65,1455.67,yes
CUST-0959,Male,0,1.0,yes,fiber optic,month-to-month,yes,Credit card,66.08,63.34,no
CUST-0902,Male,0,56.0,yes,fiber optic,month-to-month,yes,Mailed check,50.74,2721.76,no
CUST-0634,Female,0,34.0,yes,fiber optic,one year,yes,Bank transfer,91.45,3254.22,no
CUST-0678,Male,0,36.0,yes,dsl,two year,no,Mailed check,27.13,361.24,no
CUST-0012,Female,1,57.0,yes,dsl,two year,no,Mailed check,56.72,3176.48,no
CUST-0397,Female,0,14.0,yes,dsl,month-to-month,yes,Credit card,91.72,1327.86,no
CUST-0558,Male,0,55.0,yes,fiber optic,month-to-month,no,Credit card,43.52,2417.85,yes
CUST-0043,Male,0,68.0,yes,dsl,one year,yes,Bank transfer,85.54,5770.7,no
CUST-0168,Male,0,30.0,yes,fiber optic,two year,yes,Credit card,52.25,1545.21,no
CUST-0417,  Male  ,0,49.0,yes,dsl,one year,yes,Electronic check,72.76,1897.93,no
CUST-0788,Male,0,37.0,no,dsl,two year,no,Credit card,64.97,2317.54,no
CUST-0427,Male,0,45.0,yes,dsl,month-to-month,yes,Bank transfer,103.69,4713.72,no
CUST-0918,Female,0,34.0,yes,dsl,month-to-month,no,Credit card,45.38,1512.8,yes
CUST-0447,Female,0,28.0,yes,dsl,one year,yes,Credit card,55.86,1543.6,no
CUST-0715,Male,0,51.0,yes,no,one year,yes,Electronic check,94.09,4667.99,no
CUST-0732,Female,0,13.0,no,no,month-to-month,yes,Electronic check,29.2,376.68,no
CUST-0258,Female,0,68.0,no,dsl,month-to-month,yes,  Bank transfer  ,30.3,2043.89,no
CUST-0336,Male,0,62.0,yes,fiber optic,month-to-month,yes,Credit card,50.77,3249.33,no
CUST-0016,Male,1,33.0,yes,fiber optic,monthly,yes,Bank transfer,63.08,2053.24,no
CUST-0658,Male,0,17.0,yes,fiber optic,month-to-month,no,Mailed check,64.97,1571.47,no
CUST-0325,Female,1,57.0,yes,dsl,month-to-month,yes,Electronic check,100.83,5462.11,no
CUST-0790,Female,0,2.0,yes,fiber optic,one year,no,Electronic check,33.36,67.3,no
CUST-0223,Male,0,62.0,yes,dsl,one year,no,Electronic check,31.29,1979.62,no
CUST-0180,Male,0,57.0,yes,dsl,two year,yes,Electronic check,93.82,5577.89,no
CUST-0100,Male,0,43.0,yes,dsl,month-to-month,yes,Credit card,46.79,1897.93,no
CUST-0522,Male,1,63.0,yes,dsl,month-to-month,no,Electronic check,67.1,4052.65,no
CUST-0023,Male,1,48.0,yes,fiber optic,month-to-month,no,Electronic check,80.23,3733.86,yes
CUST-0357,Male,1,36.0,yes,fiber optic,month-to-month,yes,Credit card,81.59,1032.77,yes
CUST-0697,Male,0,50.0,yes,dsl,two year,yes,Mailed check,92.42,4584.56,no
CUST-0897,Male,0,70.0,yes,fiber optic,one year,yes,Electronic check,60.7,4077.15,no
CUST-0341,Male,0,49.0,yes,no,month-to-month,yes,  Mailed check  ,58.1,2777.46,yes
CUST-0432,  Female  ,0,67.0,yes,fiber optic,month-to-month,no,Credit card,29.49,1926.41,no
CUST-0577,Male,0,36.0,yes,fiber optic,month-to-month,no,Mailed check,105.8,6917.54,no
CUST-0868,Male,0,31.0,yes,fiber optic,month-to-month,yes,Bank transfer,39.2,1184.52,yes
CUST-0204,Female,0,25.0,yes,dsl,month-to-month,yes,  Bank transfer  ,40.73,977.73,yes
CUST-0737,Male,0,68.0,yes,no,month-to-month,no,  Bank transfer  ,95.07,6505.26,yes
CUST-0094,Female,0,42.0,yes,dsl,month-to-month,no,Bank transfer,87.84,3790.24,no
CUST-0584,Male,0,22.0,yes,fiber optic,month-to-month,yes,Electronic check,25.02,529.58,no
CUST-0069,Male,0,60.0,yes,dsl,one year,no,Mailed check,99.19,5988.29,no
CUST-0651,Male,0,67.0,yes,dsl,one year,no,Credit card,86.07,5519.49,no
CUST-0285,Female,0,8.0,yes,fiber optic,month-to-month,yes,Credit card,41.63,342.05,yes
CUST-0837,Female,0,28.0,yes,dsl,month-to-month,yes,Credit card,94.9,2567.63,no
CUST-0435,Male,0,44.0,yes,no,one year,yes,  Mailed check  ,68.92,3180.82,no
CUST-0154,Male,0,20.0,yes,no,month-to-month,yes,Mailed check,104.79,1897.93,yes
CUST-0076,Female,0,36.0,yes,no,month-to-month,yes,Credit card,100.81,1897.93,yes
CUST-0762,Male,1,9.0,no,dsl,one year,yes,Bank transfer,78.61,709.75,no
CUST-0189,Female,0,33.0,yes,fiber optic,month-to-month,no,Credit card,85.74,2836.0,no
CUST-0272,Female,1,50.0,yes,no,one year,yes,Bank transfer,71.48,1897.93,no
CUST-0237,Male,1,28.0,yes,dsl,month-to-month,no,Electronic check,50.43,1897.93,no
CUST-0488,Male,0,6.0,yes,no,month-to-month,no,Electronic check,46.44,280.43,no
CUST-0560,Female,1,62.0,no,dsl,month-to-month,yes,Electronic check,47.88,1897.93,no
CUST-0118,Male,1,12.0,no,fiber optic,month-to-month,no,Mailed check,25.62,308.43,yes
CUST-0852,Female,0,26.0,yes,fiber optic,month-to-month,yes,  Electronic check  ,45.88,1224.87,yes
CUST-0513,Female,1,42.0,no,fiber optic,month-to-month,yes,Bank transfer,48.53,1973.11,no
CUST-0579,Male,0,69.0,yes,dsl,month-to-month,yes,Credit card,47.8,3371.28,yes
CUST-0828,Male,1,51.0,yes,fiber optic,month-to-month,yes,Electronic check,25.75,1897.93,yes
CUST-0127,Female,0,8.0,no,no,month-to-month,no,Electronic check,64.97,430.71,no
CUST-0117,Female,0,70.0,yes,fiber optic,two year,yes,Mailed check,56.42,1897.93,no
CUST-0474,Female,0,4.0,yes,no,month-to-month,no,Bank transfer,52.56,211.22,yes
CUST-0724,Female,0,29.0,yes,no,one year,no,Credit card,58.12,1669.34,no
CUST-0058,Male,0,65.0,yes,dsl,one year,yes,Credit card,107.19,6768.86,no
CUST-0705,Male,0,28.0,yes,fiber optic,month-to-month,no,Credit card,64.97,1897.93,no
CUST-0949,Female,0,36.0,yes,dsl,two year,yes,Credit card,46.32,3383.84,no
CUST-0370,Male,0,33.0,yes,dsl,month-to-month,no,Credit card,31.7,1097.31,yes
CUST-0269,  Male  ,0,35.0,yes,no,month-to-month,no,Electronic check,98.29,3340.54,yes
CUST-0047,Male,0,61.0,yes,fiber optic,month-to-month,yes,  Mailed check  ,60.06,3534.53,yes
CUST-0350,Female,0,21.0,yes,no,one year,yes,Electronic check,29.16,602.48,no
CUST-0196,Male,1,39.0,yes,fiber optic,month-to-month,yes,Electronic check,100.37,3891.38,no
CUST-0103,Male,1,51.0,no,dsl,month-to-month,no,Credit card,81.82,1897.93,no
CUST-0869,Female,0,46.0,no,dsl,month-to-month,yes,  Credit card  ,54.65,2408.23,yes
CUST-0722,  Male  ,0,17.0,yes,dsl,month-to-month,yes,Bank transfer,64.97,938.12,no
CUST-0768,Female,0,28.0,yes,no,month-to-month,yes,Electronic check,63.11,1744.7,yes
CUST-0264,Female,0,16.0,yes,dsl,month-to-month,yes,  Electronic check  ,37.71,611.46,no
CUST-0444,Male,0,39.0,yes,fiber optic,monthly,yes,  Electronic check  ,58.58,2377.47,yes
CUST-0706,Female,0,11.0,yes,dsl,two year,yes,Credit card,64.97,886.95,no
CUST-0305,  Female  ,0,71.0,yes,no,two year,no,Bank transfer,30.82,1897.93,no
CUST-0342,Male,0,64.0,yes,fiber optic,month-to-month,yes,Mailed check,20.41,1256.65,yes
CUST-0627,  Male  ,0,46.0,yes,fiber optic,one year,no,Mailed check,33.37,1491.85,no
CUST-0148,Female,0,27.0,no,dsl,one year,yes,Credit card,89.95,2402.37,no
CUST-0150,  Male  ,1,25.0,yes,fiber optic,one year,no,Electronic check,93.07,2373.85,no
CUST-0125,Male,0,33.0,yes,no,month-to-month,no,  Bank transfer  ,55.89,1873.78,no
CUST-0818,Male,0,36.0,yes,fiber optic,two year,no,Mailed check,101.54,2656.75,no
CUST-0856,Male,0,11.0,yes,dsl,month-to-month,no,Credit card,86.07,978.19,yes
CUST-0051,Female,1,43.0,yes,fiber optic,month-to-month,no,Bank transfer,100.0,4242.58,no
CUST-0354,Male,0,55.0,yes,no,month-to-month,yes,Electronic check,79.43,4517.64,no
CUST-0967,  Female  ,0,65.0,yes,fiber optic,month-to-month,yes,Electronic check,59.67,1897.93,yes
CUST-0143,Male,0,13.0,yes,dsl,two year,no,Credit card,74.98,953.44,no
CUST-0471,Male,0,56.0,yes,dsl,month-to-month,yes,Bank transfer,67.5,3868.84,yes
CUST-0400,Female,0,28.0,yes,dsl,month-to-month,yes,Credit card,80.51,2246.92,no
CUST-0654,Female,0,27.0,yes,fiber optic,month-to-month,yes,Bank transfer,31.48,832.14,yes
CUST-0321,  Female  ,0,6.0,yes,fiber optic,two year,no,Mailed check,98.74,585.06,no
CUST-0020,Male,0,36.0,yes,no,one year,yes,Credit card,64.97,2860.41,no
CUST-0843,  Male  ,0,50.0,yes,fiber optic,month-to-month,yes,  Electronic check  ,33.77,1649.37,yes
CUST-0947,Male,0,1.0,yes,fiber optic,month-to-month,yes,Bank transfer,80.0,76.4,no
CUST-0842,  Female  ,0,56.0,yes,fiber optic,month-to-month,yes,Credit card,58.22,3246.49,no
CUST-0408,  Male  ,0,40.0,yes,no,month-to-month,yes,Credit card,94.72,3838.02,no
CUST-0538,Male,0,11.0,yes,fiber optic,one year,no,Mailed check,44.15,509.86,no
CUST-0880,  Male  ,0,21.0,yes,dsl,two year,no,Credit card,43.49,936.62,no
CUST-0039,Female,0,61.0,yes,dsl,month-to-month,no,Mailed check,29.52,1817.37,no
CUST-0176,Male,0,41.0,yes,fiber optic,one year,no,Bank transfer,104.42,1897.93,no
CUST-0246,Female,0,61.0,yes,dsl,one year,yes,  Bank transfer  ,91.15,5422.41,yes
CUST-0938,Female,0,27.0,yes,fiber optic,one year,yes,Credit card,57.5,1611.83,no
CUST-0698,Female,0,8.0,yes,dsl,two year,yes,Mailed check,32.41,248.09,no
CUST-0786,Female,1,46.0,no,fiber optic,month-to-month,no,  Credit card  ,23.08,1053.64,yes
CUST-0894,Male,0,50.0,no,fiber optic,two year,yes,Electronic check,48.76,2326.16,no
CUST-0155,Female,0,34.0,no,fiber optic,month-to-month,yes,Electronic check,99.91,3371.41,yes
CUST-0288,Female,0,40.0,no,no,month-to-month,yes,Credit card,108.42,4356.77,no
CUST-0631,Female,0,14.0,yes,dsl,month-to-month,yes,Bank transfer,64.97,708.52,yes
CUST-0570,Male,0,7.0,yes,fiber optic,two year,yes,Credit card,95.9,658.2,no
CUST-0775,  Female  ,0,65.0,yes,no,one year,yes,Electronic check,100.89,6465.49,no
CUST-0018,Female,0,70.0,yes,fiber optic,one year,yes,  Mailed check  ,47.86,3474.78,no
CUST-0128,Female,0,32.0,yes,fiber optic,month-to-month,no,  Electronic check  ,47.04,1546.0,yes
CUST-0323,Female,1,8.0,yes,no,month-to-month,no,Credit card,108.29,871.07,no
CUST-0256,Female,0,59.0,yes,fiber optic,two year,yes,Electronic check,69.6,3971.0,no
CUST-0993,Male,0,46.0,no,dsl,month-to-month,yes,Bank transfer,64.97,4937.7,yes
CUST-0191,Male,0,34.0,yes,dsl,month-to-month,yes,Bank transfer,103.79,3681.82,yes
CUST-0116,Female,0,60.0,no,fiber optic,month-to-month,no,Bank transfer,29.18,1812.45,no
CUST-0645,Male,0,66.0,yes,fiber optic,two year,yes,Electronic check,64.97,3633.12,no
CUST-0607,  Male  ,0,67.0,yes,fiber optic,month-to-month,yes,Electronic check,45.88,1897.93,yes
CUST-0181,Male,1,23.0,yes,no,month-to-month,no,Credit card,38.84,881.23,no
CUST-0302,Female,1,51.0,yes,dsl,one year,yes,Credit card,21.78,1147.63,no
CUST-0791,Male,0,14.0,yes,no,one year,yes,  Electronic check  ,55.9,780.76,no
CUST-0744,Female,0,17.0,yes,dsl,one year,yes,Mailed check,100.51,1740.86,no
CUST-0755,Male,1,16.0,yes,no,month-to-month,no,  Mailed check  ,69.2,1062.19,yes
CUST-0793,Female,0,35.0,yes,fiber optic,one year,no,Electronic check,109.9,3931.76,yes
CUST-0518,Female,1,44.0,yes,fiber optic,two year,yes,Mailed check,96.57,4077.42,no
CUST-0373,Male,1,8.0,yes,fiber optic,month-to-month,yes,Electronic check,64.79,532.43,yes
CUST-0046,Female,0,24.0,yes,fiber optic,two year,yes,Electronic check,23.36,544.16,no
CUST-0946,Male,0,34.0,yes,dsl,month-to-month,no,Mailed check,90.2,3194.51,no
CUST-0961,Male,0,26.0,yes,no,one year,yes,Credit card,78.74,1897.93,no
CUST-0172,Male,1,33.0,yes,dsl,month-to-month,yes,Mailed check,97.41,3240.58,yes
CUST-0017,Male,0,7.0,yes,dsl,month-to-month,no,Bank transfer,24.02,168.67,yes
CUST-0512,Male,0,3.0,yes,no,one year,yes,Electronic check,53.03,157.43,no
CUST-0049,Female,1,28.0,yes,fiber optic,one year,no,Mailed check,51.62,1382.18,no
CUST-0943,Female,0,9.0,yes,fiber optic,month-to-month,no,  Electronic check  ,25.54,224.09,yes
CUST-0875,Male,0,50.0,yes,dsl,two year,yes,Credit card,42.79,2173.1,no
CUST-0516,Male,0,46.0,no,dsl,month-to-month,no,Mailed check,52.07,2350.22,no
CUST-0717,Female,0,49.0,yes,dsl,month-to-month,yes,Credit card,63.89,3086.25,no
CUST-0481,Female,0,4.0,yes,dsl,two year,yes,Electronic check,60.39,244.34,no
CUST-0284,Male,0,65.0,no,no,two year,yes,Mailed check,64.97,2347.79,no
CUST-0750,  Female  ,0,71.0,no,dsl,month-to-month,yes,Electronic check,65.44,4694.1,no
CUST-0866,Female,1,57.0,yes,no,two year,yes,Mailed check,94.89,5449.41,no
CUST-0226,  Male  ,0,30.0,yes,no,month-to-month,yes,  Electronic check  ,63.45,1897.93,no
CUST-0027,Male,1,26.0,yes,dsl,month-to-month,yes,Mailed check,64.97,2009.38,yes
CUST-0814,Female,0,34.0,yes,fiber optic,month-to-month,yes,Electronic check,76.48,2601.98,yes
CUST-0438,  Female  ,0,23.0,yes,fiber optic,month-to-month,no,Bank transfer,80.53,1940.61,yes
CUST-0991,Female,0,41.0,yes,fiber optic,month-to-month,no,Mailed check,35.26,1479.55,no
CUST-0365,Female,0,40.0,yes,dsl,one year,yes,Credit card,38.38,1593.03,no
CUST-0230,Female,0,26.0,yes,dsl,month-to-month,yes,Electronic check,94.41,2489.98,no
CUST-0038,Male,0,12.0,no,no,month-to-month,yes,Bank transfer,77.01,878.46,no
CUST-0670,Male,0,23.0,yes,no,two year,yes,Electronic check,45.94,1897.93,yes
CUST-0375,Male,0,46.0,yes,dsl,month-to-month,yes,Mailed check,101.14,4573.72,no
CUST-0470,Female,0,48.0,yes,fiber optic,month-to-month,no,  Bank transfer  ,62.34,2896.45,no
CUST-0886,Male,0,62.0,yes,dsl,one year,no,Credit card,68.17,4303.17,no
CUST-0735,Male,0,11.0,yes,no,month-to-month,no,Bank transfer,108.75,1246.23,yes
CUST-0757,Female,1,36.0,yes,fiber optic,two year,yes,Bank transfer,64.68,2374.82,no
CUST-0195,  Male  ,0,47.0,yes,fiber optic,two year,yes,Mailed check,86.49,4165.74,no
CUST-0890,Male,1,6.0,yes,no,monthly,yes,Bank transfer,45.07,257.84,yes
CUST-0900,Male,0,36.0,yes,no,month-to-month,no,Mailed check,36.64,2375.18,no
CUST-0504,Female,0,68.0,yes,fiber optic,month-to-month,no,Electronic check,107.26,7453.92,no
CUST-0767,Female,0,3.0,yes,dsl,one year,yes,Credit card,64.97,186.56,no
CUST-0865,Male,1,60.0,yes,no,month-to-month,yes,Credit card,89.96,1897.93,no
CUST-0580,  Male  ,0,13.0,yes,fiber optic,one year,yes,Credit card,64.97,954.04,yes
CUST-0863,Female,0,52.0,yes,fiber optic,two year,yes,Mailed check,87.31,4607.06,no
CUST-0681,Female,0,53.0,yes,dsl,month-to-month,yes,Bank transfer,38.19,2021.96,yes
CUST-0163,Female,0,44.0,yes,fiber optic,two year,yes,Credit card,64.97,1301.09,no
CUST-0733,Female,0,33.0,yes,no,monthly,yes,Bank transfer,96.01,3098.23,yes
CUST-0153,Male,0,25.0,yes,fiber optic,one year,yes,Bank transfer,61.12,1472.73,no
CUST-0712,Female,0,44.0,yes,fiber optic,month-to-month,yes,Electronic check,20.12,921.53,no
CUST-0731,Male,0,21.0,yes,no,one year,yes,  Credit card  ,77.96,1706.16,no
CUST-0787,Female,0,13.0,yes,dsl,month-to-month,yes,Mailed check,35.33,455.85,no
CUST-0112,Male,0,47.0,yes,dsl,month-to-month,no,  Electronic check  ,86.19,3867.55,no
CUST-0227,Female,0,25.0,yes,dsl,two year,no,Bank transfer,49.79,1260.17,no
CUST-0719,Male,1,56.0,no,dsl,one year,no,Bank transfer,27.16,1897.93,no
CUST-0104,Female,1,11.0,yes,dsl,month-to-month,no,Mailed check,102.2,1144.41,no
CUST-0422,Female,0,28.0,yes,dsl,one year,no,Electronic check,75.48,2064.56,no
CUST-0420,  Female  ,1,24.0,yes,no,month-to-month,yes,Mailed check,88.25,2198.63,yes
CUST-0782,Female,1,53.0,yes,no,month-to-month,yes,  Bank transfer  ,25.72,1373.76,yes
CUST-0587,Male,0,54.0,yes,fiber optic,one year,no,  Bank transfer  ,84.91,4628.18,no
CUST-0812,  Female  ,0,59.0,yes,fiber optic,two year,yes,Bank transfer,61.35,3513.51,no
CUST-0673,Male,1,10.0,yes,dsl,month-to-month,no,Electronic check,57.74,596.96,yes
CUST-0120,Female,0,7.0,yes,dsl,one year,yes,Electronic check,28.31,191.46,no
CUST-0054,  Female  ,0,49.0,no,fiber optic,one year,no,Mailed check,78.3,3688.81,yes
CUST-0152,Male,0,68.0,no,fiber optic,month-to-month,yes,Electronic check,24.75,1764.57,no
CUST-0985,Female,0,5.0,yes,no,month-to-month,yes,Electronic check,28.86,145.45,no
CUST-0208,Female,0,63.0,yes,dsl,two year,yes,Electronic check,64.97,6407.74,no
CUST-0659,Female,0,36.0,yes,fiber optic,one year,no,Electronic check,92.23,1897.93,no
CUST-0925,  Male  ,0,59.0,no,dsl,month-to-month,no,Mailed check,23.29,1316.84,yes
CUST-0794,Female,0,25.0,yes,fiber optic,month-to-month,no,Bank transfer,108.85,2605.5,yes
CUST-0009,Female,0,44.0,yes,fiber optic,month-to-month,no,Electronic check,108.44,4557.55,no
CUST-0980,Female,1,71.0,yes,no,two year,yes,Credit card,60.68,4107.73,no
CUST-0037,  Male  ,0,19.0,yes,no,month-to-month,yes,Mailed check,48.27,937.44,yes
CUST-0453,Male,1,65.0,yes,no,two year,yes,Mailed check,34.73,2301.22,no
CUST-0652,Female,0,8.0,no,fiber optic,month-to-month,no,  Electronic check  ,79.55,608.99,no
CUST-0254,Male,0,14.0,yes,no,month-to-month,no,Mailed check,56.25,795.06,no
CUST-0304,Female,0,55.0,yes,fiber optic,one year,yes,Bank transfer,82.57,4566.14,no
CUST-0778,Female,0,57.0,no,no,month-to-month,yes,Electronic check,21.18,1153.69,no
CUST-0572,Female,0,48.0,yes,fiber optic,month-to-month,no,Credit card,0.01,3992.44,yes
CUST-0624,Male,1,23.0,yes,dsl,month-to-month,no,Mailed check,64.97,1345.89,yes
CUST-0741,Male,0,12.0,yes,dsl,one year,no,Electronic check,58.74,739.74,no
CUST-0751,Male,0,13.0,yes,no,month-to-month,yes,Mailed check,99.84,1337.25,no
CUST-0263,Male,0,55.0,yes,no,two year,no,Bank transfer,80.5,4288.19,no
CUST-0611,Male,1,37.0,yes,no,month-to-month,yes,  Credit card  ,22.0,811.13,no
CUST-0415,Female,0,45.0,yes,fiber optic,one year,no,  Mailed check  ,41.62,1843.06,no
CUST-0151,  Female  ,0,36.0,yes,fiber optic,month-to-month,yes,Credit card,68.01,206.77,no
CUST-0820,Male,0,55.0,no,no,two year,yes,Mailed check,80.67,4598.82,no
CUST-0926,Male,0,44.0,yes,dsl,month-to-month,no,Mailed check,64.97,3267.59,yes
CUST-0551,  Female  ,1,70.0,yes,dsl,two year,no,Electronic check,80.23,5418.79,yes
CUST-0823,Male,0,0.0,yes,dsl,month-to-month,yes,Electronic check,65.55,3630.95,yes
CUST-0489,Female,0,36.0,no,dsl,one year,yes,Mailed check,64.97,2693.47,yes
CUST-0711,Female,0,34.0,yes,dsl,one year,no,Bank transfer,64.97,1852.38,yes
CUST-0147,Female,0,59.0,yes,fiber optic,one year,yes,Credit card,96.59,5710.53,no
CUST-0752,Female,0,13.0,no,no,month-to-month,no,Credit card,52.23,698.8,yes
CUST-0971,Female,0,68.0,no,fiber optic,one year,no,Credit card,29.43,1932.1,no
CUST-0771,Male,0,21.0,yes,fiber optic,month-to-month,no,Electronic check,105.8,2317.48,no
CUST-0660,Female,0,53.0,yes,no,month-to-month,yes,Credit card,96.11,5068.82,yes
CUST-0349,Male,1,17.0,yes,no,month-to-month,yes,Bank transfer,101.83,1752.77,yes
CUST-0464,Female,0,49.0,yes,dsl,two year,yes,Electronic check,95.07,4531.91,no
CUST-0326,  Female  ,0,40.0,yes,dsl,one year,no,  Credit card  ,85.84,3478.71,no
CUST-0187,Female,0,15.0,yes,dsl,month-to-month,yes,Credit card,64.97,704.2,yes
CUST-0124,  Male  ,0,40.0,yes,dsl,one year,no,Electronic check,95.87,3818.8,no
CUST-0889,Male,0,3.0,yes,no,month-to-month,yes,Bank transfer,30.0,87.81,no
CUST-0609,Female,0,36.0,no,fiber optic,one year,yes,Mailed check,58.39,2041.03,no
CUST-0144,Male,0,34.0,yes,no,month-to-month,no,  Electronic check  ,54.04,1897.93,no
CUST-0857,Male,0,53.0,yes,dsl,month-to-month,no,  Mailed check  ,22.77,1226.04,no
CUST-0198,Female,1,20.0,yes,fiber optic,two year,yes,Bank transfer,67.74,1371.74,yes
CUST-0610,Female,0,25.0,yes,dsl,month-to-month,yes,Credit card,32.54,778.85,no
CUST-0280,Female,0,61.0,yes,fiber optic,two year,yes,Bank transfer,29.74,1786.66,no
CUST-0294,Male,0,26.0,yes,no,month-to-month,yes,Electronic check,20.16,506.72,no
CUST-0401,  Male  ,0,3.0,yes,dsl,month-to-month,yes,Mailed check,100.78,306.16,no
CUST-0123,Male,1,27.0,yes,fiber optic,one year,yes,Electronic check,80.56,2268.11,no
CUST-0184,Female,1,17.0,yes,no,month-to-month,no,Electronic check,84.39,1436.71,yes
CUST-0203,Male,0,58.0,no,no,monthly,yes,  Mailed check  ,53.53,2960.28,yes
CUST-0439,Female,0,48.0,yes,fiber optic,month-to-month,yes,Bank transfer,83.38,4139.75,no
CUST-0247,Male,0,36.0,yes,fiber optic,month-to-month,no,Electronic check,32.02,1162.72,no
CUST-0416,Male,1,62.0,yes,fiber optic,one year,yes,Bank transfer,31.22,1897.93,yes
CUST-0808,Female,0,58.0,yes,dsl,two year,no,Mailed check,53.86,3248.91,no
CUST-0797,Female,0,12.0,yes,no,two year,yes,Mailed check,81.79,1897.93,yes
CUST-0960,Female,0,58.0,no,fiber optic,month-to-month,yes,Electronic check,109.3,6417.36,no
CUST-0800,Female,0,29.0,yes,no,monthly,no,Bank transfer,47.85,1353.85,no
CUST-0924,Female,0,39.0,yes,fiber optic,month-to-month,yes,Bank transfer,27.84,1034.95,yes
CUST-0130,Female,0,4.0,yes,dsl,two year,no,Electronic check,44.48,179.67,no
CUST-0638,Male,0,66.0,yes,fiber optic,two year,no,Bank transfer,82.79,5444.75,no
CUST-0403,Female,0,27.0,yes,fiber optic,one year,no,Credit card,59.33,1677.05,no
CUST-0937,Male,0,22.0,yes,fiber optic,month-to-month,yes,Credit card,32.31,744.94,no
CUST-0802,Male,0,25.0,yes,dsl,month-to-month,no,Mailed check,67.14,1640.7,no
CUST-0736,Female,1,17.0,yes,dsl,one year,no,Mailed check,77.28,1298.92,yes
CUST-0950,Female,0,67.0,yes,dsl,one year,no,Credit card,64.97,6066.22,no
CUST-0220,Female,0,46.0,no,no,month-to-month,yes,Mailed check,37.77,1725.74,no
CUST-0642,Male,1,16.0,yes,dsl,month-to-month,no,Electronic check,107.18,1754.22,yes
CUST-0952,Female,0,35.0,yes,dsl,two year,yes,Mailed check,51.71,1899.7,no
CUST-0784,Male,0,47.0,yes,dsl,month-to-month,no,Electronic check,66.12,3165.35,no
CUST-0888,Male,0,13.0,yes,dsl,month-to-month,yes,Bank transfer,50.52,657.71,no
CUST-0957,Female,0,68.0,yes,no,month-to-month,yes,Credit card,31.36,1897.93,yes
CUST-0625,Female,0,9.0,yes,dsl,month-to-month,yes,Credit card,97.15,857.28,no
CUST-0873,Female,0,54.0,yes,dsl,month-to-month,no,Electronic check,30.22,1550.6,no
CUST-0923,Female,0,43.0,yes,fiber optic,two year,yes,  Mailed check  ,64.97,3254.32,no
CUST-0387,Male,0,40.0,yes,fiber optic,month-to-month,no,Electronic check,78.43,3234.62,yes
CUST-0510,Female,0,53.0,yes,no,month-to-month,yes,Electronic check,44.79,2285.81,no
CUST-0268,Female,0,12.0,yes,dsl,one year,yes,Mailed check,64.96,791.69,no
CUST-0853,Male,1,36.0,yes,dsl,month-to-month,no,  Bank transfer  ,34.43,854.31,no
CUST-0442,Female,0,33.0,yes,dsl,month-to-month,yes,Bank transfer,29.99,1897.93,yes
CUST-0497,Female,0,68.0,yes,dsl,month-to-month,no,Bank transfer,64.97,4583.99,yes
CUST-0113,Female,0,15.0,yes,dsl,month-to-month,yes,Bank transfer,47.31,677.09,no
CUST-0692,Male,0,49.0,yes,dsl,one year,yes,Bank transfer,39.42,2019.06,no
CUST-0233,  Female  ,0,51.0,yes,fiber optic,month-to-month,yes,Bank transfer,109.04,5504.17,no
CUST-0905,Male,0,62.0,yes,fiber optic,month-to-month,yes,Bank transfer,76.48,4522.75,no
CUST-0608,Male,0,65.0,yes,dsl,monthly,no,Bank transfer,49.98,3275.95,no
CUST-0672,Female,1,62.0,no,fiber optic,month-to-month,no,Credit card,79.77,5134.53,yes
CUST-0374,Female,0,25.0,no,no,month-to-month,yes,Credit card,62.84,1560.73,no
CUST-0878,Female,0,15.0,yes,fiber optic,one year,yes,Mailed check,26.31,407.3,no
CUST-0234,Male,0,3.0,no,no,month-to-month,yes,Mailed check,81.12,241.61,no
CUST-0817,Female,0,7.0,yes,fiber optic,month-to-month,no,Credit card,87.34,611.51,yes
CUST-0677,Male,0,32.0,yes,dsl,one year,yes,Mailed check,46.35,1514.33,no
CUST-0318,Male,0,17.0,yes,dsl,month-to-month,no,Mailed check,64.97,971.89,no
CUST-0649,Female,0,34.0,yes,dsl,month-to-month,yes,Electronic check,45.68,1579.63,yes
CUST-0411,Male,0,12.0,yes,fiber optic,month-to-month,yes,Credit card,38.7,445.29,yes
CUST-0935,Male,0,55.0,yes,no,one year,no,Bank transfer,107.12,5877.12,yes
CUST-0710,  Female  ,0,27.0,no,fiber optic,one year,no,Electronic check,53.01,1367.58,no
CUST-0359,Female,0,11.0,yes,no,one year,yes,Mailed check,80.1,853.69,no
CUST-0259,Female,0,68.0,yes,no,month-to-month,yes,Credit card,47.49,3231.96,no
CUST-0745,Male,0,48.0,yes,dsl,two year,no,Credit card,68.83,3236.07,no
CUST-0628,Female,0,4.0,yes,dsl,month-to-month,no,Electronic check,0.01,223.15,yes
CUST-0633,Female,0,45.0,yes,dsl,month-to-month,no,Bank transfer,64.02,2878.21,no
CUST-0283,Male,0,35.0,yes,no,two year,yes,Credit card,78.58,2733.37,yes
CUST-0377,Female,0,47.0,yes,fiber optic,month-to-month,no,Bank transfer,48.79,2353.97,yes
CUST-0385,Female,0,19.0,yes,dsl,one year,yes,Electronic check,32.04,592.01,no
CUST-0225,Male,0,19.0,yes,fiber optic,month-to-month,yes,Bank transfer,21.63,1897.93,yes
CUST-0995,Male,0,68.0,yes,fiber optic,one year,yes,Mailed check,102.27,7277.31,no
CUST-0848,Female,0,17.0,yes,dsl,month-to-month,no,Mailed check,63.26,1099.79,no
CUST-0473,Male,1,31.0,yes,no,month-to-month,no,Electronic check,95.9,2857.99,no
CUST-0348,Male,0,41.0,yes,no,two year,yes,Electronic check,42.79,1693.7,no
CUST-0506,Male,0,37.0,yes,dsl,two year,yes,Mailed check,35.8,1342.32,no
CUST-0640,Male,1,17.0,yes,dsl,two year,yes,Credit card,55.25,908.48,no
CUST-0798,Female,0,54.0,yes,fiber optic,two year,yes,Electronic check,57.49,3092.77,no
CUST-0968,Male,0,17.0,yes,fiber optic,month-to-month,yes,Bank transfer,64.97,1897.93,yes
CUST-0942,Female,0,10.0,yes,no,month-to-month,yes,Mailed check,72.51,689.72,no
CUST-0620,Female,0,36.0,no,dsl,month-to-month,yes,Credit card,52.41,1799.86,no
CUST-0891,Female,0,8.0,yes,dsl,two year,yes,Mailed check,64.97,709.1,no
CUST-0836,Male,0,29.0,no,no,month-to-month,yes,Mailed check,104.83,1897.93,yes
CUST-0882,Female,1,69.0,yes,no,month-to-month,yes,Electronic check,101.69,7000.36,no
CUST-0557,Male,0,70.0,yes,fiber optic,month-to-month,yes,Bank transfer,72.89,4854.47,yes
CUST-1000,Male,0,24.0,yes,fiber optic,two year,no,Credit card,58.6,1361.45,no
CUST-0578,Female,0,59.0,yes,no,month-to-month,no,Credit card,64.97,1753.91,no
CUST-0796,Female,0,17.0,yes,dsl,month-to-month,yes,Bank transfer,55.52,898.6,no
CUST-0086,Male,0,58.0,no,fiber optic,one year,yes,Credit card,23.23,1315.72,no
CUST-0243,Female,0,14.0,yes,dsl,monthly,yes,Credit card,71.04,998.05,yes
CUST-0699,Male,1,41.0,yes,dsl,monthly,no,Electronic check,89.84,3687.4,yes
CUST-0910,  Male  ,0,36.0,yes,no,monthly,yes,Bank transfer,63.52,1623.02,yes
CUST-0160,Female,0,50.0,yes,fiber optic,month-to-month,yes,Credit card,62.44,3100.88,yes
CUST-0525,Female,0,11.0,yes,dsl,month-to-month,yes,Mailed check,89.52,941.32,yes
CUST-0036,Female,0,49.0,yes,fiber optic,monthly,no,Credit card,48.44,2374.1,no
CUST-0541,Female,0,47.0,yes,fiber optic,monthly,yes,  Credit card  ,98.44,4422.88,yes
CUST-0171,Female,0,62.0,no,fiber optic,month-to-month,yes,  Mailed check  ,64.97,3006.28,no
CUST-0655,Male,0,53.0,yes,fiber optic,monthly,yes,Mailed check,97.34,5306.85,yes
CUST-0927,Male,0,9.0,yes,no,month-to-month,yes,Mailed check,46.49,434.22,no
CUST-0893,Female,0,33.0,yes,dsl,two year,yes,Bank transfer,93.08,3196.35,no
CUST-0883,Male,0,6.0,yes,dsl,month-to-month,yes,Mailed check,96.18,595.7,yes
CUST-0984,Male,0,40.0,yes,fiber optic,month-to-month,no,Bank transfer,40.18,1641.3,no
CUST-0734,Female,0,24.0,yes,dsl,one year,no,Electronic check,72.41,1732.79,yes
CUST-0096,Male,0,39.0,yes,dsl,month-to-month,yes,Electronic check,47.88,1888.22,no
CUST-0564,Male,0,64.0,yes,fiber optic,month-to-month,yes,Mailed check,77.26,1897.93,yes
CUST-0241,Female,1,19.0,yes,dsl,month-to-month,yes,Electronic check,22.91,454.4,no
CUST-0743,Female,0,42.0,yes,dsl,one year,no,Electronic check,64.97,1807.65,no
CUST-0575,Female,0,63.0,yes,dsl,one year,no,Electronic check,67.94,4257.36,yes
CUST-0691,Male,0,34.0,yes,no,one year,no,Bank transfer,46.46,1897.93,no
CUST-0461,  Male  ,0,36.0,yes,no,one year,yes,Bank transfer,64.97,998.58,no
CUST-0554,Female,1,26.0,yes,fiber optic,two year,yes,Mailed check,24.77,657.82,no
CUST-0858,Male,0,68.0,yes,fiber optic,month-to-month,no,Mailed check,75.57,1897.93,yes
CUST-0914,  Male  ,0,59.0,yes,dsl,month-to-month,no,Mailed check,50.51,3120.6,no
CUST-0207,Male,0,15.0,yes,dsl,month-to-month,no,Electronic check,48.82,704.46,no
CUST-0393,Male,0,29.0,yes,dsl,month-to-month,no,Electronic check,64.97,1170.84,no
CUST-0795,Male,0,3.0,yes,no,month-to-month,yes,Mailed check,99.35,310.4,yes
CUST-0398,Male,0,51.0,yes,fiber optic,month-to-month,yes,Credit card,31.48,1628.55,no
CUST-0884,Male,0,38.0,yes,no,month-to-month,no,Credit card,64.14,2381.59,no
CUST-0218,Female,0,23.0,yes,no,two year,yes,Mailed check,106.61,2557.6,no
CUST-0005,Male,0,10.0,yes,no,monthly,no,Credit card,26.77,277.04,no
CUST-0769,Male,0,70.0,yes,fiber optic,one year,yes,Electronic check,100.73,1897.93,no
CUST-0643,Male,0,60.0,yes,dsl,month-to-month,yes,Mailed check,28.54,1791.85,no
CUST-0934,Female,0,66.0,yes,no,month-to-month,no,Mailed check,47.13,3223.45,yes
CUST-0613,  Female  ,0,15.0,yes,fiber optic,month-to-month,no,Mailed check,69.87,1897.93,yes
CUST-0739,Male,0,25.0,yes,dsl,one year,yes,Electronic check,51.09,1267.94,no
CUST-0547,Male,0,20.0,yes,fiber optic,two year,no,Credit card,57.79,1128.42,no
CUST-0726,Female,0,60.0,no,no,one year,no,Mailed check,101.26,6362.32,no
CUST-0954,  Female  ,0,18.0,no,no,one year,no,Bank transfer,70.38,1255.28,no
CUST-0684,  Female  ,0,36.0,yes,fiber optic,month-to-month,yes,Bank transfer,35.72,1897.93,no
CUST-0099,Male,0,50.0,yes,dsl,two year,yes,Electronic check,95.51,4935.82,no
CUST-0805,Male,0,28.0,yes,dsl,month-to-month,yes,  Credit card  ,21.07,1897.93,yes
CUST-0728,Female,1,10.0,yes,fiber optic,two year,no,  Bank transfer  ,108.3,1105.35,no
CUST-0574,Female,1,19.0,yes,fiber optic,month-to-month,no,Bank transfer,88.3,1669.01,yes
CUST-0407,  Male  ,1,16.0,yes,dsl,month-to-month,no,Bank transfer,64.97,1550.0,no
CUST-0503,Male,0,22.0,yes,no,two year,no,Electronic check,89.0,1973.67,no
CUST-0048,Female,0,61.0,yes,no,two year,no,Electronic check,64.97,1895.65,no
CUST-0033,Male,0,69.0,yes,dsl,month-to-month,yes,Credit card,59.26,4237.0,no
CUST-0780,Female,1,54.0,yes,fiber optic,two year,yes,Credit card,78.84,4290.96,yes
CUST-0840,Female,0,9.0,yes,dsl,month-to-month,yes,Bank transfer,39.24,355.82,no
CUST-0201,  Female  ,0,67.0,no,fiber optic,month-to-month,no,Electronic check,40.67,1897.93,yes
CUST-0135,Female,0,12.0,yes,no,month-to-month,no,Credit card,73.02,879.18,no
CUST-0028,  Female  ,1,14.0,yes,dsl,one year,yes,Bank transfer,89.21,1204.49,no
CUST-0916,Male,0,43.0,yes,dsl,month-to-month,yes,Electronic check,69.69,2938.34,no
CUST-0231,  Female  ,1,22.0,yes,no,month-to-month,no,Bank transfer,73.55,1626.29,no
CUST-0490,  Female  ,0,15.0,yes,dsl,month-to-month,no,Electronic check,65.02,1016.52,yes
CUST-0773,Male,1,54.0,yes,dsl,month-to-month,yes,Bank transfer,107.64,5754.64,no
CUST-0379,Female,0,47.0,yes,fiber optic,month-to-month,no,Electronic check,74.43,3521.5,no
CUST-0289,Male,0,54.0,yes,fiber optic,month-to-month,no,Bank transfer,37.82,2060.72,no
CUST-0419,Female,0,23.0,yes,no,month-to-month,yes,Bank transfer,109.38,2514.11,yes
CUST-0675,Male,0,52.0,yes,fiber optic,one year,yes,Mailed check,81.55,4134.08,no
CUST-0392,Male,0,63.0,yes,fiber optic,month-to-month,yes,Bank transfer,36.14,2366.36,no
CUST-0593,Male,0,41.0,yes,fiber optic,two year,no,Electronic check,64.1,2673.04,no
CUST-0499,Female,0,29.0,yes,dsl,two year,no,Credit card,83.28,2490.65,no
CUST-0139,Male,0,1.0,no,dsl,month-to-month,yes,Bank transfer,20.96,21.61,yes
CUST-0063,Female,0,66.0,yes,no,month-to-month,no,Electronic check,35.43,2314.66,no
CUST-0472,Female,0,65.0,no,no,two year,yes,Electronic check,109.97,6925.47,no
CUST-0648,Female,0,31.0,yes,fiber optic,one year,no,Electronic check,35.9,1124.49,no
CUST-0129,Male,0,48.0,yes,dsl,one year,yes,Credit card,92.29,4481.67,no
CUST-0521,Female,0,1.0,yes,dsl,month-to-month,yes,  Electronic check  ,20.14,20.33,yes
CUST-0839,Female,1,4.0,yes,fiber optic,two year,yes,Mailed check,64.97,321.39,no
CUST-0065,  Male  ,0,51.0,yes,dsl,month-to-month,no,Electronic check,82.4,1897.93,yes
CUST-0813,Male,0,47.0,yes,fiber optic,two year,yes,Electronic check,51.49,2347.35,yes
CUST-0015,Male,0,50.0,yes,fiber optic,two year,yes,  Bank transfer  ,88.31,1897.93,no
CUST-0157,  Female  ,0,5.0,yes,fiber optic,month-to-month,yes,Electronic check,86.97,441.97,yes
CUST-0041,Male,0,33.0,yes,fiber optic,month-to-month,yes,Bank transfer,28.55,928.67,no
CUST-0493,Male,0,37.0,yes,dsl,one year,yes,Mailed check,49.16,1760.4,no
CUST-0380,Male,0,18.0,yes,fiber optic,two year,yes,Mailed check,63.21,1189.81,no
CUST-0188,Female,0,35.0,yes,dsl,month-to-month,no,Electronic check,69.96,2502.09,no
CUST-0764,Female,0,7.0,yes,no,two year,yes,Credit card,106.47,779.16,no
CUST-0217,Male,0,6.0,yes,fiber optic,one year,yes,Electronic check,101.96,602.64,no
CUST-0922,Male,0,65.0,yes,dsl,one year,yes,  Electronic check  ,64.97,5074.97,no
CUST-0792,Female,0,10.0,yes,dsl,month-to-month,yes,Credit card,101.4,996.33,yes
CUST-0053,Female,1,39.0,yes,no,one year,yes,Bank transfer,70.69,2884.94,yes
CUST-0879,Male,0,61.0,yes,no,month-to-month,yes,Bank transfer,22.37,1302.44,yes
CUST-0338,Female,0,36.0,yes,no,two year,yes,Credit card,72.35,3111.5,no
CUST-0749,Female,0,18.0,no,fiber optic,month-to-month,no,Electronic check,64.97,1973.36,no
CUST-0720,Female,0,51.0,yes,fiber optic,two year,no,Credit card,63.92,3176.41,yes
CUST-0725,Female,0,33.0,yes,dsl,month-to-month,yes,Credit card,71.45,2345.94,no
CUST-0296,Female,0,22.0,yes,fiber optic,month-to-month,yes,Mailed check,50.64,1897.93,no
CUST-0702,Male,0,44.0,yes,fiber optic,month-to-month,yes,Mailed check,47.87,2139.94,no
CUST-0252,Male,0,33.0,yes,dsl,two year,yes,Bank transfer,98.78,3402.76,no
CUST-0727,Male,0,55.0,yes,dsl,month-to-month,yes,Electronic check,55.5,3159.42,no
CUST-0462,Female,0,36.0,yes,fiber optic,one year,no,Mailed check,59.27,2524.81,no
CUST-0456,Male,1,20.0,yes,dsl,one year,no,Mailed check,21.12,417.45,no
CUST-0271,Female,0,64.0,yes,no,month-to-month,no,  Electronic check  ,81.01,5049.88,yes
CUST-0816,Female,1,6.0,yes,fiber optic,month-to-month,yes,Bank transfer,78.33,489.33,yes
CUST-0270,Male,0,11.0,yes,no,month-to-month,no,Bank transfer,64.97,1897.93,yes
CUST-0202,Male,0,4.0,yes,dsl,one year,yes,Credit card,41.57,164.27,no
CUST-0162,Female,0,60.0,yes,dsl,one year,yes,Mailed check,59.51,3723.27,no
CUST-0556,Male,0,52.0,yes,fiber optic,month-to-month,yes,Credit card,43.41,2363.9,yes
CUST-0730,Male,0,23.0,yes,fiber optic,month-to-month,yes,Credit card,66.03,1467.84,no
CUST-0402,Female,0,70.0,yes,dsl,two year,yes,  Mailed check  ,60.24,4341.29,no
CUST-0703,Male,0,64.0,yes,fiber optic,month-to-month,yes,Credit card,33.05,2103.77,no
CUST-0477,Male,0,36.0,yes,fiber optic,month-to-month,yes,Bank transfer,83.35,2392.83,yes
CUST-0822,Male,0,7.0,yes,fiber optic,one year,yes,  Electronic check  ,77.39,1897.93,no
CUST-0772,Female,0,28.0,yes,fiber optic,month-to-month,yes,Credit card,63.66,1741.56,no
CUST-0106,  Male  ,0,8.0,yes,no,month-to-month,no,Electronic check,70.39,570.16,no
CUST-0566,Female,0,53.0,yes,dsl,one year,yes,Mailed check,102.62,5359.99,no
CUST-0390,Female,0,39.0,yes,dsl,month-to-month,no,Bank transfer,32.7,1246.97,no
CUST-0002,Female,0,35.0,yes,dsl,one year,yes,Bank transfer,71.41,2420.55,no
CUST-0977,  Female  ,0,36.0,yes,fiber optic,month-to-month,yes,Mailed check,85.12,2263.66,no
CUST-0562,Male,0,15.0,no,dsl,month-to-month,no,Electronic check,45.06,695.68,yes
CUST-0932,Female,0,43.0,yes,fiber optic,month-to-month,no,Bank transfer,41.31,1802.73,no
CUST-0081,Female,0,68.0,yes,fiber optic,one year,yes,Mailed check,104.22,7034.21,no
CUST-0206,Male,0,38.0,yes,fiber optic,one year,no,Electronic check,32.1,1897.93,no
CUST-0035,Female,0,37.0,yes,fiber optic,one year,no,Credit card,23.38,878.29,no
CUST-0776,Male,0,21.0,yes,no,month-to-month,no,Electronic check,103.8,2201.65,no
CUST-0509,Female,0,34.0,yes,fiber optic,month-to-month,no,Electronic check,52.2,1781.83,yes
CUST-0428,Female,1,53.0,yes,fiber optic,month-to-month,yes,Credit card,54.33,2877.48,yes
CUST-0455,Male,0,47.0,yes,fiber optic,one year,no,Mailed check,22.4,1049.86,no
CUST-0367,Female,0,61.0,yes,dsl,two year,yes,Mailed check,109.65,6894.12,no
CUST-0092,Female,0,3.0,yes,fiber optic,monthly,yes,Bank transfer,92.43,270.7,yes
CUST-0340,Male,0,39.0,yes,no,one year,yes,Mailed check,88.53,3434.84,no
CUST-0898,Female,0,36.0,yes,fiber optic,two year,no,Mailed check,21.45,893.42,no
CUST-0565,Male,0,51.0,yes,fiber optic,one year,yes,Bank transfer,85.76,4346.63,no
CUST-0346,  Female  ,0,37.0,yes,fiber optic,one year,yes,Credit card,29.99,1060.33,no
CUST-0777,Male,0,13.0,yes,no,one year,yes,Bank transfer,106.49,1331.49,no
CUST-0242,Female,0,47.0,yes,fiber optic,month-to-month,no,  Bank transfer  ,66.82,3062.03,no
CUST-0014,Male,0,68.0,yes,fiber optic,month-to-month,no,  Credit card  ,90.35,1897.93,yes
CUST-0316,Female,0,6.0,yes,fiber optic,month-to-month,yes,Credit card,56.56,1897.93,yes
CUST-0601,  Male  ,0,19.0,yes,dsl,month-to-month,yes,Credit card,104.08,1978.17,no
CUST-0388,Male,0,15.0,yes,dsl,month-to-month,no,Bank transfer,64.97,545.62,no
CUST-0274,Female,0,69.0,yes,no,two year,yes,Credit card,64.97,4623.91,no
CUST-0167,Male,0,3.0,yes,fiber optic,month-to-month,no,Mailed check,89.64,263.34,yes
CUST-0841,Male,0,5.0,yes,no,month-to-month,no,Mailed check,79.16,381.19,no
CUST-0021,Female,0,20.0,yes,dsl,month-to-month,yes,Mailed check,27.88,537.96,no
CUST-0647,Female,0,56.0,yes,fiber optic,month-to-month,no,Mailed check,33.7,1796.79,no
CUST-0819,Male,0,33.0,yes,no,month-to-month,yes,Electronic check,97.72,3367.18,yes
CUST-0485,Female,0,64.0,yes,fiber optic,month-to-month,no,Mailed check,74.69,4579.32,yes
CUST-0505,Female,0,69.0,yes,fiber optic,month-to-month,no,Bank transfer,87.16,5770.01,yes
CUST-0832,Male,0,59.0,yes,dsl,one year,no,Electronic check,94.13,5716.4,no
CUST-0244,Male,1,38.0,yes,no,one year,no,Mailed check,70.5,2729.8,yes
CUST-0567,Male,0,51.0,no,dsl,monthly,no,Electronic check,102.07,4983.06,yes
CUST-0876,  Male  ,0,38.0,yes,no,two year,no,  Credit card  ,42.4,1648.63,no
CUST-0563,Male,0,27.0,yes,fiber optic,one year,yes,Credit card,100.68,2823.71,no
CUST-0994,Female,0,28.0,yes,fiber optic,two year,yes,Electronic check,104.45,2942.93,no
CUST-0687,Female,1,59.0,no,fiber optic,month-to-month,no,Mailed check,109.94,6390.74,yes
CUST-0958,Male,0,65.0,yes,dsl,month-to-month,no,Electronic check,36.69,2460.02,yes
CUST-0190,Male,0,16.0,yes,dsl,month-to-month,yes,Credit card,67.96,1037.9,no
CUST-0783,  Male  ,0,44.0,yes,dsl,two year,no,Electronic check,39.9,1758.25,no
CUST-0976,Male,1,21.0,no,fiber optic,one year,yes,Mailed check,94.18,2072.38,no
CUST-0700,Male,0,6.0,yes,dsl,one year,yes,Credit card,64.97,548.2,yes
CUST-0476,Female,0,69.0,yes,no,month-to-month,no,Electronic check,76.36,5031.76,yes
CUST-0682,Male,1,24.0,yes,dsl,month-to-month,no,Electronic check,105.74,2489.89,yes
CUST-0511,Female,0,51.0,yes,no,one year,no,Bank transfer,92.65,1897.93,no
CUST-0059,Male,0,5.0,yes,dsl,month-to-month,yes,Electronic check,109.27,564.13,yes
CUST-0475,Female,0,50.0,yes,dsl,month-to-month,yes,Mailed check,20.93,1068.4,no
CUST-0561,Female,0,36.0,yes,no,two year,yes,Credit card,64.97,927.4,no
CUST-0748,  Female  ,0,47.0,yes,dsl,two year,yes,Credit card,70.01,3389.45,no
CUST-0253,Female,0,52.0,yes,dsl,month-to-month,yes,Bank transfer,57.39,2994.41,yes
CUST-0022,Male,0,15.0,yes,no,month-to-month,yes,Credit card,92.51,1377.68,yes
CUST-0314,Female,0,1.0,yes,dsl,two year,no,Credit card,103.78,99.9,no
CUST-0460,Male,0,18.0,yes,dsl,month-to-month,no,  Bank transfer  ,98.48,1741.56,yes
CUST-0161,Male,0,6.0,yes,fiber optic,month-to-month,yes,Electronic check,83.99,528.72,no
CUST-0277,Female,0,36.0,yes,no,month-to-month,yes,Bank transfer,28.21,1889.42,yes
CUST-0956,Male,1,53.0,yes,fiber optic,one year,yes,Bank transfer,27.44,1480.59,no
CUST-0192,Female,0,66.0,yes,fiber optic,one year,yes,Electronic check,105.63,7114.84,no
CUST-0386,Female,0,28.0,yes,dsl,two year,no,Electronic check,99.71,2673.67,no
CUST-0806,Female,0,16.0,yes,dsl,two year,yes,Bank transfer,46.38,761.91,no
CUST-0414,Female,0,55.0,no,dsl,month-to-month,yes,Electronic check,66.23,3554.73,yes
CUST-0492,Female,0,42.0,yes,dsl,month-to-month,yes,Bank transfer,64.97,1897.93,yes
CUST-0344,Male,0,54.0,yes,dsl,month-to-month,yes,Bank transfer,67.41,3733.86,no
CUST-0770,Female,0,44.0,yes,fiber optic,one year,yes,Bank transfer,55.53,2545.32,no
CUST-0309,Female,0,45.0,yes,fiber optic,month-to-month,no,Electronic check,72.42,3271.21,no
CUST-0662,Female,0,21.0,yes,dsl,two year,no,Electronic check,107.24,2161.51,no
CUST-0131,Male,0,70.0,yes,dsl,one year,no,Credit card,85.06,5830.67,no
CUST-0664,Male,0,36.0,yes,dsl,month-to-month,yes,Mailed check,52.17,1897.93,no
CUST-0872,Male,0,36.0,yes,no,one year,yes,  Electronic check  ,86.3,4684.72,yes
CUST-0088,Female,0,26.0,yes,dsl,one year,yes,Electronic check,51.68,1369.73,no
CUST-0331,Male,0,49.0,yes,fiber optic,two year,yes,Electronic check,85.39,4305.4,no
CUST-0467,Male,1,69.0,yes,dsl,two year,yes,Electronic check,95.0,6689.62,no
CUST-0122,Female,1,3.0,yes,no,two year,yes,Electronic check,25.08,77.2,no
CUST-0861,  Female  ,0,49.0,yes,dsl,month-to-month,no,  Credit card  ,103.84,5307.47,no
